case_id,iteration_id,measurement_order,backend,workload,mode,element_count,requested_stream_count,actual_stream_count,launch_count,element_additions,worker_count,seed,verified,end_to_end_ms,submission_ms,resident_compute_ms
case-0001,1,1,cpu,single,sync,256,1,0,1,256,4,1196575044,true,0.0032919999999999998,,
case-0001,2,240,cpu,single,sync,256,1,0,1,256,4,1196575044,true,0.001292,,
case-0001,3,357,cpu,single,sync,256,1,0,1,256,4,1196575044,true,0.001333,,
case-0001,4,476,cpu,single,sync,256,1,0,1,256,4,1196575044,true,0.0014580000000000001,,
case-0001,5,593,cpu,single,sync,256,1,0,1,256,4,1196575044,true,0.0014170000000000001,,
case-0001,6,712,cpu,single,sync,256,1,0,1,256,4,1196575044,true,0.0015,,
case-0001,7,829,cpu,single,sync,256,1,0,1,256,4,1196575044,true,0.00125,,
case-0001,8,948,cpu,single,sync,256,1,0,1,256,4,1196575044,true,0.0013749999999999999,,
case-0001,9,1065,cpu,single,sync,256,1,0,1,256,4,1196575044,true,0.0013749999999999999,,
case-0001,10,1184,cpu,single,sync,256,1,0,1,256,4,1196575044,true,0.001459,,
case-0001,11,1301,cpu,single,sync,256,1,0,1,256,4,1196575044,true,0.0013749999999999999,,
case-0001,12,1420,cpu,single,sync,256,1,0,1,256,4,1196575044,true,0.0014580000000000001,,
case-0001,13,1537,cpu,single,sync,256,1,0,1,256,4,1196575044,true,0.001292,,
case-0001,14,1656,cpu,single,sync,256,1,0,1,256,4,1196575044,true,0.0013749999999999999,,
case-0001,15,1773,cpu,single,sync,256,1,0,1,256,4,1196575044,true,0.0015,,
case-0001,16,1892,cpu,single,sync,256,1,0,1,256,4,1196575044,true,0.0013749999999999999,,
case-0001,17,2009,cpu,single,sync,256,1,0,1,256,4,1196575044,true,0.0014159999999999999,,
case-0001,18,2128,cpu,single,sync,256,1,0,1,256,4,1196575044,true,0.0014170000000000001,,
case-0001,19,2245,cpu,single,sync,256,1,0,1,256,4,1196575044,true,0.001291,,
case-0001,20,2364,cpu,single,sync,256,1,0,1,256,4,1196575044,true,0.001459,,
case-0002,1,4,cpu,single,async,256,1,1,1,256,4,1196575044,true,0.015082999999999999,0.0025000000000000001,
case-0002,2,121,cpu,single,async,256,1,1,1,256,4,1196575044,true,0.012459,0.0027920000000000002,
case-0002,3,360,cpu,single,async,256,1,1,1,256,4,1196575044,true,0.015292,0.0022920000000000002,
case-0002,4,477,cpu,single,async,256,1,1,1,256,4,1196575044,true,0.016,0.0022499999999999998,
case-0002,5,596,cpu,single,async,256,1,1,1,256,4,1196575044,true,0.014999999999999999,0.0023749999999999999,
case-0002,6,713,cpu,single,async,256,1,1,1,256,4,1196575044,true,0.015292,0.0024580000000000001,
case-0002,7,832,cpu,single,async,256,1,1,1,256,4,1196575044,true,0.015665999999999999,0.0026250000000000002,
case-0002,8,949,cpu,single,async,256,1,1,1,256,4,1196575044,true,0.013917000000000001,0.002709,
case-0002,9,1068,cpu,single,async,256,1,1,1,256,4,1196575044,true,0.018249999999999999,0.002333,
case-0002,10,1185,cpu,single,async,256,1,1,1,256,4,1196575044,true,0.013042,0.002166,
case-0002,11,1304,cpu,single,async,256,1,1,1,256,4,1196575044,true,0.014999999999999999,0.00175,
case-0002,12,1421,cpu,single,async,256,1,1,1,256,4,1196575044,true,0.016792000000000001,0.0027079999999999999,
case-0002,13,1540,cpu,single,async,256,1,1,1,256,4,1196575044,true,0.014458,0.0024160000000000002,
case-0002,14,1657,cpu,single,async,256,1,1,1,256,4,1196575044,true,0.014291,0.0024589999999999998,
case-0002,15,1776,cpu,single,async,256,1,1,1,256,4,1196575044,true,0.0155,0.0022920000000000002,
case-0002,16,1893,cpu,single,async,256,1,1,1,256,4,1196575044,true,0.032583000000000001,0.0027079999999999999,
case-0002,17,2012,cpu,single,async,256,1,1,1,256,4,1196575044,true,0.015125,0.0032919999999999998,
case-0002,18,2129,cpu,single,async,256,1,1,1,256,4,1196575044,true,0.013417,0.0025000000000000001,
case-0002,19,2248,cpu,single,async,256,1,1,1,256,4,1196575044,true,0.013583,0.0022079999999999999,
case-0002,20,2365,cpu,single,async,256,1,1,1,256,4,1196575044,true,0.014792,0.0024169999999999999,
case-0003,1,5,cpu,streams,sync,256,1,0,1,256,4,1196575044,true,0.001292,,
case-0003,2,124,cpu,streams,sync,256,1,0,1,256,4,1196575044,true,0.00083299999999999997,,
case-0003,3,241,cpu,streams,sync,256,1,0,1,256,4,1196575044,true,0.00091600000000000004,,
case-0003,4,480,cpu,streams,sync,256,1,0,1,256,4,1196575044,true,0.00087500000000000002,,
case-0003,5,597,cpu,streams,sync,256,1,0,1,256,4,1196575044,true,0.0015410000000000001,,
case-0003,6,716,cpu,streams,sync,256,1,0,1,256,4,1196575044,true,0.00091600000000000004,,
case-0003,7,833,cpu,streams,sync,256,1,0,1,256,4,1196575044,true,0.00125,,
case-0003,8,952,cpu,streams,sync,256,1,0,1,256,4,1196575044,true,0.00079199999999999995,,
case-0003,9,1069,cpu,streams,sync,256,1,0,1,256,4,1196575044,true,0.0055840000000000004,,
case-0003,10,1188,cpu,streams,sync,256,1,0,1,256,4,1196575044,true,0.000834,,
case-0003,11,1305,cpu,streams,sync,256,1,0,1,256,4,1196575044,true,0.001042,,
case-0003,12,1424,cpu,streams,sync,256,1,0,1,256,4,1196575044,true,0.00083299999999999997,,
case-0003,13,1541,cpu,streams,sync,256,1,0,1,256,4,1196575044,true,0.001333,,
case-0003,14,1660,cpu,streams,sync,256,1,0,1,256,4,1196575044,true,0.00087500000000000002,,
case-0003,15,1777,cpu,streams,sync,256,1,0,1,256,4,1196575044,true,0.0029169999999999999,,
case-0003,16,1896,cpu,streams,sync,256,1,0,1,256,4,1196575044,true,0.000834,,
case-0003,17,2013,cpu,streams,sync,256,1,0,1,256,4,1196575044,true,0.0011249999999999999,,
case-0003,18,2132,cpu,streams,sync,256,1,0,1,256,4,1196575044,true,0.00083299999999999997,,
case-0003,19,2249,cpu,streams,sync,256,1,0,1,256,4,1196575044,true,0.0073330000000000001,,
case-0003,20,2368,cpu,streams,sync,256,1,0,1,256,4,1196575044,true,0.00083299999999999997,,
case-0004,1,8,cpu,streams,async,256,1,1,1,256,4,1196575044,true,0.014,0.0042500000000000003,
case-0004,2,125,cpu,streams,async,256,1,1,1,256,4,1196575044,true,0.0098329999999999997,0.0016670000000000001,
case-0004,3,244,cpu,streams,async,256,1,1,1,256,4,1196575044,true,0.016375000000000001,0.0016249999999999999,
case-0004,4,361,cpu,streams,async,256,1,1,1,256,4,1196575044,true,0.015625,0.0050000000000000001,
case-0004,5,600,cpu,streams,async,256,1,1,1,256,4,1196575044,true,0.015667,0.0018339999999999999,
case-0004,6,717,cpu,streams,async,256,1,1,1,256,4,1196575044,true,0.0097920000000000004,0.001709,
case-0004,7,836,cpu,streams,async,256,1,1,1,256,4,1196575044,true,0.019708,0.0020830000000000002,
case-0004,8,953,cpu,streams,async,256,1,1,1,256,4,1196575044,true,0.010167000000000001,0.0015839999999999999,
case-0004,9,1072,cpu,streams,async,256,1,1,1,256,4,1196575044,true,0.014083999999999999,0.0022920000000000002,
case-0004,10,1189,cpu,streams,async,256,1,1,1,256,4,1196575044,true,0.0090840000000000001,0.0016249999999999999,
case-0004,11,1308,cpu,streams,async,256,1,1,1,256,4,1196575044,true,0.017208999999999999,0.0021250000000000002,
case-0004,12,1425,cpu,streams,async,256,1,1,1,256,4,1196575044,true,0.0093329999999999993,0.001583,
case-0004,13,1544,cpu,streams,async,256,1,1,1,256,4,1196575044,true,0.016792000000000001,0.0024169999999999999,
case-0004,14,1661,cpu,streams,async,256,1,1,1,256,4,1196575044,true,0.0091249999999999994,0.0016249999999999999,
case-0004,15,1780,cpu,streams,async,256,1,1,1,256,4,1196575044,true,0.019167,0.0042090000000000001,
case-0004,16,1897,cpu,streams,async,256,1,1,1,256,4,1196575044,true,0.014874999999999999,0.0020409999999999998,
case-0004,17,2016,cpu,streams,async,256,1,1,1,256,4,1196575044,true,0.014250000000000001,0.002,
case-0004,18,2133,cpu,streams,async,256,1,1,1,256,4,1196575044,true,0.013916,0.0022910000000000001,
case-0004,19,2252,cpu,streams,async,256,1,1,1,256,4,1196575044,true,0.015709000000000001,0.0013749999999999999,
case-0004,20,2369,cpu,streams,async,256,1,1,1,256,4,1196575044,true,0.010333,0.0017080000000000001,
case-0005,1,9,cpu,streams,sync,256,2,0,2,256,4,1196575044,true,0.011042,,
case-0005,2,128,cpu,streams,sync,256,2,0,2,256,4,1196575044,true,0.0014580000000000001,,
case-0005,3,245,cpu,streams,sync,256,2,0,2,256,4,1196575044,true,0.002,,
case-0005,4,364,cpu,streams,sync,256,2,0,2,256,4,1196575044,true,0.0015839999999999999,,
case-0005,5,481,cpu,streams,sync,256,2,0,2,256,4,1196575044,true,0.001542,,
case-0005,6,720,cpu,streams,sync,256,2,0,2,256,4,1196575044,true,0.0014170000000000001,,
case-0005,7,837,cpu,streams,sync,256,2,0,2,256,4,1196575044,true,0.0090419999999999997,,
case-0005,8,956,cpu,streams,sync,256,2,0,2,256,4,1196575044,true,0.001292,,
case-0005,9,1073,cpu,streams,sync,256,2,0,2,256,4,1196575044,true,0.0016659999999999999,,
case-0005,10,1192,cpu,streams,sync,256,2,0,2,256,4,1196575044,true,0.00125,,
case-0005,11,1309,cpu,streams,sync,256,2,0,2,256,4,1196575044,true,0.0088749999999999992,,
case-0005,12,1428,cpu,streams,sync,256,2,0,2,256,4,1196575044,true,0.0014170000000000001,,
case-0005,13,1545,cpu,streams,sync,256,2,0,2,256,4,1196575044,true,0.0096249999999999999,,
case-0005,14,1664,cpu,streams,sync,256,2,0,2,256,4,1196575044,true,0.0014580000000000001,,
case-0005,15,1781,cpu,streams,sync,256,2,0,2,256,4,1196575044,true,0.001833,,
case-0005,16,1900,cpu,streams,sync,256,2,0,2,256,4,1196575044,true,0.0015410000000000001,,
case-0005,17,2017,cpu,streams,sync,256,2,0,2,256,4,1196575044,true,0.001792,,
case-0005,18,2136,cpu,streams,sync,256,2,0,2,256,4,1196575044,true,0.001459,,
case-0005,19,2253,cpu,streams,sync,256,2,0,2,256,4,1196575044,true,0.002,,
case-0005,20,2372,cpu,streams,sync,256,2,0,2,256,4,1196575044,true,0.0013749999999999999,,
case-0006,1,12,cpu,streams,async,256,2,2,2,256,4,1196575044,true,0.043208999999999997,0.0052090000000000001,
case-0006,2,129,cpu,streams,async,256,2,2,2,256,4,1196575044,true,0.027082999999999999,0.0039579999999999997,
case-0006,3,248,cpu,streams,async,256,2,2,2,256,4,1196575044,true,0.026041999999999999,0.0037499999999999999,
case-0006,4,365,cpu,streams,async,256,2,2,2,256,4,1196575044,true,0.02725,0.0031250000000000002,
case-0006,5,484,cpu,streams,async,256,2,2,2,256,4,1196575044,true,0.025957999999999998,0.0037499999999999999,
case-0006,6,601,cpu,streams,async,256,2,2,2,256,4,1196575044,true,0.024958000000000001,0.0032919999999999998,
case-0006,7,840,cpu,streams,async,256,2,2,2,256,4,1196575044,true,0.040625000000000001,0.037207999999999998,
case-0006,8,957,cpu,streams,async,256,2,2,2,256,4,1196575044,true,0.022459,0.0030000000000000001,
case-0006,9,1076,cpu,streams,async,256,2,2,2,256,4,1196575044,true,0.026124999999999999,0.0044580000000000002,
case-0006,10,1193,cpu,streams,async,256,2,2,2,256,4,1196575044,true,0.035624999999999997,0.002542,
case-0006,11,1312,cpu,streams,async,256,2,2,2,256,4,1196575044,true,0.039792000000000001,0.012125,
case-0006,12,1429,cpu,streams,async,256,2,2,2,256,4,1196575044,true,0.030957999999999999,0.002833,
case-0006,13,1548,cpu,streams,async,256,2,2,2,256,4,1196575044,true,0.025250000000000002,0.0034169999999999999,
case-0006,14,1665,cpu,streams,async,256,2,2,2,256,4,1196575044,true,0.032166,0.0029580000000000001,
case-0006,15,1784,cpu,streams,async,256,2,2,2,256,4,1196575044,true,0.040584000000000002,0.00975,
case-0006,16,1901,cpu,streams,async,256,2,2,2,256,4,1196575044,true,0.013834000000000001,0.0031250000000000002,
case-0006,17,2020,cpu,streams,async,256,2,2,2,256,4,1196575044,true,0.022290999999999998,0.010083999999999999,
case-0006,18,2137,cpu,streams,async,256,2,2,2,256,4,1196575044,true,0.031333,0.0030409999999999999,
case-0006,19,2256,cpu,streams,async,256,2,2,2,256,4,1196575044,true,0.02325,0.0035000000000000001,
case-0006,20,2373,cpu,streams,async,256,2,2,2,256,4,1196575044,true,0.032750000000000001,0.0029580000000000001,
case-0007,1,13,cpu,streams,sync,256,4,0,4,256,4,1196575044,true,0.0036670000000000001,,
case-0007,2,132,cpu,streams,sync,256,4,0,4,256,4,1196575044,true,0.0020830000000000002,,
case-0007,3,249,cpu,streams,sync,256,4,0,4,256,4,1196575044,true,0.0025839999999999999,,
case-0007,4,368,cpu,streams,sync,256,4,0,4,256,4,1196575044,true,0.0020830000000000002,,
case-0007,5,485,cpu,streams,sync,256,4,0,4,256,4,1196575044,true,0.0025000000000000001,,
case-0007,6,604,cpu,streams,sync,256,4,0,4,256,4,1196575044,true,0.0021250000000000002,,
case-0007,7,721,cpu,streams,sync,256,4,0,4,256,4,1196575044,true,0.0020830000000000002,,
case-0007,8,960,cpu,streams,sync,256,4,0,4,256,4,1196575044,true,0.0019170000000000001,,
case-0007,9,1077,cpu,streams,sync,256,4,0,4,256,4,1196575044,true,0.0025829999999999998,,
case-0007,10,1196,cpu,streams,sync,256,4,0,4,256,4,1196575044,true,0.0021250000000000002,,
case-0007,11,1313,cpu,streams,sync,256,4,0,4,256,4,1196575044,true,0.0069170000000000004,,
case-0007,12,1432,cpu,streams,sync,256,4,0,4,256,4,1196575044,true,0.002,,
case-0007,13,1549,cpu,streams,sync,256,4,0,4,256,4,1196575044,true,0.014167000000000001,,
case-0007,14,1668,cpu,streams,sync,256,4,0,4,256,4,1196575044,true,0.0022079999999999999,,
case-0007,15,1785,cpu,streams,sync,256,4,0,4,256,4,1196575044,true,0.0094590000000000004,,
case-0007,16,1904,cpu,streams,sync,256,4,0,4,256,4,1196575044,true,0.0024580000000000001,,
case-0007,17,2021,cpu,streams,sync,256,4,0,4,256,4,1196575044,true,0.0022920000000000002,,
case-0007,18,2140,cpu,streams,sync,256,4,0,4,256,4,1196575044,true,0.0019580000000000001,,
case-0007,19,2257,cpu,streams,sync,256,4,0,4,256,4,1196575044,true,0.0020409999999999998,,
case-0007,20,2376,cpu,streams,sync,256,4,0,4,256,4,1196575044,true,0.002,,
case-0008,1,16,cpu,streams,async,256,4,4,4,256,4,1196575044,true,0.035041999999999997,0.017041000000000001,
case-0008,2,133,cpu,streams,async,256,4,4,4,256,4,1196575044,true,0.047084000000000001,0.038374999999999999,
case-0008,3,252,cpu,streams,async,256,4,4,4,256,4,1196575044,true,0.039791,0.0067080000000000004,
case-0008,4,369,cpu,streams,async,256,4,4,4,256,4,1196575044,true,0.046124999999999999,0.0055830000000000003,
case-0008,5,488,cpu,streams,async,256,4,4,4,256,4,1196575044,true,0.056333000000000001,0.035624999999999997,
case-0008,6,605,cpu,streams,async,256,4,4,4,256,4,1196575044,true,0.053959,0.048750000000000002,
case-0008,7,724,cpu,streams,async,256,4,4,4,256,4,1196575044,true,0.050541999999999997,0.044666999999999998,
case-0008,8,841,cpu,streams,async,256,4,4,4,256,4,1196575044,true,0.050042000000000003,0.045333999999999999,
case-0008,9,1080,cpu,streams,async,256,4,4,4,256,4,1196575044,true,0.054542,0.043041000000000003,
case-0008,10,1197,cpu,streams,async,256,4,4,4,256,4,1196575044,true,0.044165999999999997,0.039583,
case-0008,11,1316,cpu,streams,async,256,4,4,4,256,4,1196575044,true,0.034667000000000003,0.0054169999999999999,
case-0008,12,1433,cpu,streams,async,256,4,4,4,256,4,1196575044,true,0.051541999999999998,0.030707999999999999,
case-0008,13,1552,cpu,streams,async,256,4,4,4,256,4,1196575044,true,0.087791999999999995,0.072082999999999994,
case-0008,14,1669,cpu,streams,async,256,4,4,4,256,4,1196575044,true,0.045166999999999999,0.0055840000000000004,
case-0008,15,1788,cpu,streams,async,256,4,4,4,256,4,1196575044,true,0.058250000000000003,0.053124999999999999,
case-0008,16,1905,cpu,streams,async,256,4,4,4,256,4,1196575044,true,0.060749999999999998,0.021541000000000001,
case-0008,17,2024,cpu,streams,async,256,4,4,4,256,4,1196575044,true,0.042042000000000003,0.023666,
case-0008,18,2141,cpu,streams,async,256,4,4,4,256,4,1196575044,true,0.047709000000000001,0.036374999999999998,
case-0008,19,2260,cpu,streams,async,256,4,4,4,256,4,1196575044,true,0.042542000000000003,0.0053749999999999996,
case-0008,20,2377,cpu,streams,async,256,4,4,4,256,4,1196575044,true,0.069958000000000006,0.030790999999999999,
case-0009,1,17,cpu,dependency,sync,256,1,0,2,512,4,1196575044,true,0.0014580000000000001,,
case-0009,2,136,cpu,dependency,sync,256,1,0,2,512,4,1196575044,true,0.00091699999999999995,,
case-0009,3,253,cpu,dependency,sync,256,1,0,2,512,4,1196575044,true,0.0014170000000000001,,
case-0009,4,372,cpu,dependency,sync,256,1,0,2,512,4,1196575044,true,0.00083299999999999997,,
case-0009,5,489,cpu,dependency,sync,256,1,0,2,512,4,1196575044,true,0.0040829999999999998,,
case-0009,6,608,cpu,dependency,sync,256,1,0,2,512,4,1196575044,true,0.00083299999999999997,,
case-0009,7,725,cpu,dependency,sync,256,1,0,2,512,4,1196575044,true,0.0011670000000000001,,
case-0009,8,844,cpu,dependency,sync,256,1,0,2,512,4,1196575044,true,0.0011670000000000001,,
case-0009,9,961,cpu,dependency,sync,256,1,0,2,512,4,1196575044,true,0.0011249999999999999,,
case-0009,10,1200,cpu,dependency,sync,256,1,0,2,512,4,1196575044,true,0.001042,,
case-0009,11,1317,cpu,dependency,sync,256,1,0,2,512,4,1196575044,true,0.007208,,
case-0009,12,1436,cpu,dependency,sync,256,1,0,2,512,4,1196575044,true,0.001,,
case-0009,13,1553,cpu,dependency,sync,256,1,0,2,512,4,1196575044,true,0.0013339999999999999,,
case-0009,14,1672,cpu,dependency,sync,256,1,0,2,512,4,1196575044,true,0.00091699999999999995,,
case-0009,15,1789,cpu,dependency,sync,256,1,0,2,512,4,1196575044,true,0.0013749999999999999,,
case-0009,16,1908,cpu,dependency,sync,256,1,0,2,512,4,1196575044,true,0.0011659999999999999,,
case-0009,17,2025,cpu,dependency,sync,256,1,0,2,512,4,1196575044,true,0.001042,,
case-0009,18,2144,cpu,dependency,sync,256,1,0,2,512,4,1196575044,true,0.00095799999999999998,,
case-0009,19,2261,cpu,dependency,sync,256,1,0,2,512,4,1196575044,true,0.0067920000000000003,,
case-0009,20,2380,cpu,dependency,sync,256,1,0,2,512,4,1196575044,true,0.00091600000000000004,,
case-0010,1,20,cpu,dependency,async,256,1,3,2,512,4,1196575044,true,0.039833,0.026124999999999999,
case-0010,2,137,cpu,dependency,async,256,1,3,2,512,4,1196575044,true,0.03075,0.0054580000000000002,
case-0010,3,256,cpu,dependency,async,256,1,3,2,512,4,1196575044,true,0.050083999999999997,0.045124999999999998,
case-0010,4,373,cpu,dependency,async,256,1,3,2,512,4,1196575044,true,0.035458000000000003,0.0053330000000000001,
case-0010,5,492,cpu,dependency,async,256,1,3,2,512,4,1196575044,true,0.026084,0.0052500000000000003,
case-0010,6,609,cpu,dependency,async,256,1,3,2,512,4,1196575044,true,0.032834000000000002,0.0068339999999999998,
case-0010,7,728,cpu,dependency,async,256,1,3,2,512,4,1196575044,true,0.052666999999999999,0.038707999999999999,
case-0010,8,845,cpu,dependency,async,256,1,3,2,512,4,1196575044,true,0.050292000000000003,0.023417,
case-0010,9,964,cpu,dependency,async,256,1,3,2,512,4,1196575044,true,0.05475,0.051291999999999997,
case-0010,10,1081,cpu,dependency,async,256,1,3,2,512,4,1196575044,true,0.044665999999999997,0.036290999999999997,
case-0010,11,1320,cpu,dependency,async,256,1,3,2,512,4,1196575044,true,0.054375,0.044874999999999998,
case-0010,12,1437,cpu,dependency,async,256,1,3,2,512,4,1196575044,true,0.020625000000000001,0.0054169999999999999,
case-0010,13,1556,cpu,dependency,async,256,1,3,2,512,4,1196575044,true,0.029583000000000002,0.007208,
case-0010,14,1673,cpu,dependency,async,256,1,3,2,512,4,1196575044,true,0.033166000000000001,0.0055830000000000003,
case-0010,15,1792,cpu,dependency,async,256,1,3,2,512,4,1196575044,true,0.043708999999999998,0.039542000000000001,
case-0010,16,1909,cpu,dependency,async,256,1,3,2,512,4,1196575044,true,0.025874999999999999,0.0058329999999999996,
case-0010,17,2028,cpu,dependency,async,256,1,3,2,512,4,1196575044,true,0.039916,0.034958000000000003,
case-0010,18,2145,cpu,dependency,async,256,1,3,2,512,4,1196575044,true,0.027958,0.005208,
case-0010,19,2264,cpu,dependency,async,256,1,3,2,512,4,1196575044,true,0.027708,0.010375000000000001,
case-0010,20,2381,cpu,dependency,async,256,1,3,2,512,4,1196575044,true,0.034958000000000003,0.0052909999999999997,
case-0011,1,21,cpu,resident,sync,256,1,0,1,256,4,1196575044,true,,,0.002
case-0011,2,140,cpu,resident,sync,256,1,0,1,256,4,1196575044,true,,,0.00087500000000000002
case-0011,3,257,cpu,resident,sync,256,1,0,1,256,4,1196575044,true,,,0.0012080000000000001
case-0011,4,376,cpu,resident,sync,256,1,0,1,256,4,1196575044,true,,,0.00075000000000000002
case-0011,5,493,cpu,resident,sync,256,1,0,1,256,4,1196575044,true,,,0.00125
case-0011,6,612,cpu,resident,sync,256,1,0,1,256,4,1196575044,true,,,0.001042
case-0011,7,729,cpu,resident,sync,256,1,0,1,256,4,1196575044,true,,,0.00125
case-0011,8,848,cpu,resident,sync,256,1,0,1,256,4,1196575044,true,,,0.00087500000000000002
case-0011,9,965,cpu,resident,sync,256,1,0,1,256,4,1196575044,true,,,0.0015
case-0011,10,1084,cpu,resident,sync,256,1,0,1,256,4,1196575044,true,,,0.001042
case-0011,11,1201,cpu,resident,sync,256,1,0,1,256,4,1196575044,true,,,0.0014580000000000001
case-0011,12,1440,cpu,resident,sync,256,1,0,1,256,4,1196575044,true,,,0.00091699999999999995
case-0011,13,1557,cpu,resident,sync,256,1,0,1,256,4,1196575044,true,,,0.003833
case-0011,14,1676,cpu,resident,sync,256,1,0,1,256,4,1196575044,true,,,0.00091699999999999995
case-0011,15,1793,cpu,resident,sync,256,1,0,1,256,4,1196575044,true,,,0.001333
case-0011,16,1912,cpu,resident,sync,256,1,0,1,256,4,1196575044,true,,,0.000834
case-0011,17,2029,cpu,resident,sync,256,1,0,1,256,4,1196575044,true,,,0.0011670000000000001
case-0011,18,2148,cpu,resident,sync,256,1,0,1,256,4,1196575044,true,,,0.00075000000000000002
case-0011,19,2265,cpu,resident,sync,256,1,0,1,256,4,1196575044,true,,,0.0071659999999999996
case-0011,20,2384,cpu,resident,sync,256,1,0,1,256,4,1196575044,true,,,0.00079100000000000004
case-0012,1,24,cpu,resident,async,256,1,1,1,256,4,1196575044,true,,0.0013749999999999999,0.0082920000000000008
case-0012,2,141,cpu,resident,async,256,1,1,1,256,4,1196575044,true,,0.0011249999999999999,0.0075830000000000003
case-0012,3,260,cpu,resident,async,256,1,1,1,256,4,1196575044,true,,0.0015,0.0082909999999999998
case-0012,4,377,cpu,resident,async,256,1,1,1,256,4,1196575044,true,,0.0011670000000000001,0.0066670000000000002
case-0012,5,496,cpu,resident,async,256,1,1,1,256,4,1196575044,true,,0.0016670000000000001,0.012042000000000001
case-0012,6,613,cpu,resident,async,256,1,1,1,256,4,1196575044,true,,0.0011670000000000001,0.0066249999999999998
case-0012,7,732,cpu,resident,async,256,1,1,1,256,4,1196575044,true,,0.0022920000000000002,0.0098329999999999997
case-0012,8,849,cpu,resident,async,256,1,1,1,256,4,1196575044,true,,0.0011249999999999999,0.0067499999999999999
case-0012,9,968,cpu,resident,async,256,1,1,1,256,4,1196575044,true,,0.0015410000000000001,0.01175
case-0012,10,1085,cpu,resident,async,256,1,1,1,256,4,1196575044,true,,0.001083,0.0068339999999999998
case-0012,11,1204,cpu,resident,async,256,1,1,1,256,4,1196575044,true,,0.0015410000000000001,0.0077079999999999996
case-0012,12,1321,cpu,resident,async,256,1,1,1,256,4,1196575044,true,,0.002333,0.0088749999999999992
case-0012,13,1560,cpu,resident,async,256,1,1,1,256,4,1196575044,true,,0.0015839999999999999,0.0063340000000000002
case-0012,14,1677,cpu,resident,async,256,1,1,1,256,4,1196575044,true,,0.0011670000000000001,0.007084
case-0012,15,1796,cpu,resident,async,256,1,1,1,256,4,1196575044,true,,0.0013749999999999999,0.0085419999999999992
case-0012,16,1913,cpu,resident,async,256,1,1,1,256,4,1196575044,true,,0.002,0.0094999999999999998
case-0012,17,2032,cpu,resident,async,256,1,1,1,256,4,1196575044,true,,0.002709,0.0081250000000000003
case-0012,18,2149,cpu,resident,async,256,1,1,1,256,4,1196575044,true,,0.0011249999999999999,0.0068339999999999998
case-0012,19,2268,cpu,resident,async,256,1,1,1,256,4,1196575044,true,,0.0015,0.0084580000000000002
case-0012,20,2385,cpu,resident,async,256,1,1,1,256,4,1196575044,true,,0.001083,0.0066670000000000002
case-0013,1,25,cpu,single,sync,4096,1,0,1,4096,4,1196575044,true,0.0054580000000000002,,
case-0013,2,144,cpu,single,sync,4096,1,0,1,4096,4,1196575044,true,0.0027499999999999998,,
case-0013,3,261,cpu,single,sync,4096,1,0,1,4096,4,1196575044,true,0.0028340000000000001,,
case-0013,4,380,cpu,single,sync,4096,1,0,1,4096,4,1196575044,true,0.0026250000000000002,,
case-0013,5,497,cpu,single,sync,4096,1,0,1,4096,4,1196575044,true,0.0031250000000000002,,
case-0013,6,616,cpu,single,sync,4096,1,0,1,4096,4,1196575044,true,0.0026670000000000001,,
case-0013,7,733,cpu,single,sync,4096,1,0,1,4096,4,1196575044,true,0.002833,,
case-0013,8,852,cpu,single,sync,4096,1,0,1,4096,4,1196575044,true,0.0027920000000000002,,
case-0013,9,969,cpu,single,sync,4096,1,0,1,4096,4,1196575044,true,0.0031250000000000002,,
case-0013,10,1088,cpu,single,sync,4096,1,0,1,4096,4,1196575044,true,0.0031250000000000002,,
case-0013,11,1205,cpu,single,sync,4096,1,0,1,4096,4,1196575044,true,0.0029580000000000001,,
case-0013,12,1324,cpu,single,sync,4096,1,0,1,4096,4,1196575044,true,0.002875,,
case-0013,13,1441,cpu,single,sync,4096,1,0,1,4096,4,1196575044,true,0.002833,,
case-0013,14,1680,cpu,single,sync,4096,1,0,1,4096,4,1196575044,true,0.0026670000000000001,,
case-0013,15,1797,cpu,single,sync,4096,1,0,1,4096,4,1196575044,true,0.002875,,
case-0013,16,1916,cpu,single,sync,4096,1,0,1,4096,4,1196575044,true,0.0030839999999999999,,
case-0013,17,2033,cpu,single,sync,4096,1,0,1,4096,4,1196575044,true,0.0027499999999999998,,
case-0013,18,2152,cpu,single,sync,4096,1,0,1,4096,4,1196575044,true,0.0025839999999999999,,
case-0013,19,2269,cpu,single,sync,4096,1,0,1,4096,4,1196575044,true,0.003209,,
case-0013,20,2388,cpu,single,sync,4096,1,0,1,4096,4,1196575044,true,0.0026670000000000001,,
case-0014,1,28,cpu,single,async,4096,1,1,1,4096,4,1196575044,true,0.019709000000000001,0.0035000000000000001,
case-0014,2,145,cpu,single,async,4096,1,1,1,4096,4,1196575044,true,0.015625,0.0025000000000000001,
case-0014,3,264,cpu,single,async,4096,1,1,1,4096,4,1196575044,true,0.018041000000000001,0.0031250000000000002,
case-0014,4,381,cpu,single,async,4096,1,1,1,4096,4,1196575044,true,0.014083,0.0024169999999999999,
case-0014,5,500,cpu,single,async,4096,1,1,1,4096,4,1196575044,true,0.013459,0.0031250000000000002,
case-0014,6,617,cpu,single,async,4096,1,1,1,4096,4,1196575044,true,0.020208,0.0025409999999999999,
case-0014,7,736,cpu,single,async,4096,1,1,1,4096,4,1196575044,true,0.014375000000000001,0.0027499999999999998,
case-0014,8,853,cpu,single,async,4096,1,1,1,4096,4,1196575044,true,0.013917000000000001,0.0022499999999999998,
case-0014,9,972,cpu,single,async,4096,1,1,1,4096,4,1196575044,true,0.020083,0.0032499999999999999,
case-0014,10,1089,cpu,single,async,4096,1,1,1,4096,4,1196575044,true,0.017957999999999998,0.0024580000000000001,
case-0014,11,1208,cpu,single,async,4096,1,1,1,4096,4,1196575044,true,0.014708000000000001,0.0027499999999999998,
case-0014,12,1325,cpu,single,async,4096,1,1,1,4096,4,1196575044,true,0.014584,0.0024589999999999998,
case-0014,13,1444,cpu,single,async,4096,1,1,1,4096,4,1196575044,true,0.015334,0.002833,
case-0014,14,1561,cpu,single,async,4096,1,1,1,4096,4,1196575044,true,0.020708000000000001,0.0039579999999999997,
case-0014,15,1800,cpu,single,async,4096,1,1,1,4096,4,1196575044,true,0.014999999999999999,0.003166,
case-0014,16,1917,cpu,single,async,4096,1,1,1,4096,4,1196575044,true,0.017791000000000001,0.0026250000000000002,
case-0014,17,2036,cpu,single,async,4096,1,1,1,4096,4,1196575044,true,0.014958000000000001,0.0034580000000000001,
case-0014,18,2153,cpu,single,async,4096,1,1,1,4096,4,1196575044,true,0.021042000000000002,0.0033340000000000002,
case-0014,19,2272,cpu,single,async,4096,1,1,1,4096,4,1196575044,true,0.016084000000000001,0.0031250000000000002,
case-0014,20,2389,cpu,single,async,4096,1,1,1,4096,4,1196575044,true,0.016750000000000001,0.0024580000000000001,
case-0015,1,29,cpu,streams,sync,4096,1,0,1,4096,4,1196575044,true,0.0031250000000000002,,
case-0015,2,148,cpu,streams,sync,4096,1,0,1,4096,4,1196575044,true,0.0027920000000000002,,
case-0015,3,265,cpu,streams,sync,4096,1,0,1,4096,4,1196575044,true,0.009417,,
case-0015,4,384,cpu,streams,sync,4096,1,0,1,4096,4,1196575044,true,0.0026670000000000001,,
case-0015,5,501,cpu,streams,sync,4096,1,0,1,4096,4,1196575044,true,0.0028340000000000001,,
case-0015,6,620,cpu,streams,sync,4096,1,0,1,4096,4,1196575044,true,0.002542,,
case-0015,7,737,cpu,streams,sync,4096,1,0,1,4096,4,1196575044,true,0.0034169999999999999,,
case-0015,8,856,cpu,streams,sync,4096,1,0,1,4096,4,1196575044,true,0.0027079999999999999,,
case-0015,9,973,cpu,streams,sync,4096,1,0,1,4096,4,1196575044,true,0.0031250000000000002,,
case-0015,10,1092,cpu,streams,sync,4096,1,0,1,4096,4,1196575044,true,0.0026670000000000001,,
case-0015,11,1209,cpu,streams,sync,4096,1,0,1,4096,4,1196575044,true,0.0032499999999999999,,
case-0015,12,1328,cpu,streams,sync,4096,1,0,1,4096,4,1196575044,true,0.0026250000000000002,,
case-0015,13,1445,cpu,streams,sync,4096,1,0,1,4096,4,1196575044,true,0.003666,,
case-0015,14,1564,cpu,streams,sync,4096,1,0,1,4096,4,1196575044,true,0.0024169999999999999,,
case-0015,15,1681,cpu,streams,sync,4096,1,0,1,4096,4,1196575044,true,0.0025000000000000001,,
case-0015,16,1920,cpu,streams,sync,4096,1,0,1,4096,4,1196575044,true,0.0029580000000000001,,
case-0015,17,2037,cpu,streams,sync,4096,1,0,1,4096,4,1196575044,true,0.003042,,
case-0015,18,2156,cpu,streams,sync,4096,1,0,1,4096,4,1196575044,true,0.0025829999999999998,,
case-0015,19,2273,cpu,streams,sync,4096,1,0,1,4096,4,1196575044,true,0.0030000000000000001,,
case-0015,20,2392,cpu,streams,sync,4096,1,0,1,4096,4,1196575044,true,0.002542,,
case-0016,1,32,cpu,streams,async,4096,1,1,1,4096,4,1196575044,true,0.014291999999999999,0.0036250000000000002,
case-0016,2,149,cpu,streams,async,4096,1,1,1,4096,4,1196575044,true,0.020125000000000001,0.002209,
case-0016,3,268,cpu,streams,async,4096,1,1,1,4096,4,1196575044,true,0.013625,0.0034169999999999999,
case-0016,4,385,cpu,streams,async,4096,1,1,1,4096,4,1196575044,true,0.018374999999999999,0.002042,
case-0016,5,504,cpu,streams,async,4096,1,1,1,4096,4,1196575044,true,0.014959,0.0039170000000000003,
case-0016,6,621,cpu,streams,async,4096,1,1,1,4096,4,1196575044,true,0.013958999999999999,0.0019580000000000001,
case-0016,7,740,cpu,streams,async,4096,1,1,1,4096,4,1196575044,true,0.015084,0.0034580000000000001,
case-0016,8,857,cpu,streams,async,4096,1,1,1,4096,4,1196575044,true,0.015875,0.0021250000000000002,
case-0016,9,976,cpu,streams,async,4096,1,1,1,4096,4,1196575044,true,0.01525,0.0031670000000000001,
case-0016,10,1093,cpu,streams,async,4096,1,1,1,4096,4,1196575044,true,0.015958,0.0021250000000000002,
case-0016,11,1212,cpu,streams,async,4096,1,1,1,4096,4,1196575044,true,0.014749999999999999,0.0029580000000000001,
case-0016,12,1329,cpu,streams,async,4096,1,1,1,4096,4,1196575044,true,0.014833000000000001,0.0022499999999999998,
case-0016,13,1448,cpu,streams,async,4096,1,1,1,4096,4,1196575044,true,0.015209,0.0025829999999999998,
case-0016,14,1565,cpu,streams,async,4096,1,1,1,4096,4,1196575044,true,0.016709000000000002,0.002333,
case-0016,15,1684,cpu,streams,async,4096,1,1,1,4096,4,1196575044,true,0.014833000000000001,0.0035839999999999999,
case-0016,16,1801,cpu,streams,async,4096,1,1,1,4096,4,1196575044,true,0.015207999999999999,0.0047920000000000003,
case-0016,17,2040,cpu,streams,async,4096,1,1,1,4096,4,1196575044,true,0.020041,0.0069579999999999998,
case-0016,18,2157,cpu,streams,async,4096,1,1,1,4096,4,1196575044,true,0.014125,0.0022499999999999998,
case-0016,19,2276,cpu,streams,async,4096,1,1,1,4096,4,1196575044,true,0.020375000000000001,0.0034169999999999999,
case-0016,20,2393,cpu,streams,async,4096,1,1,1,4096,4,1196575044,true,0.015082999999999999,0.002209,
case-0017,1,33,cpu,streams,sync,4096,2,0,2,4096,4,1196575044,true,0.0055840000000000004,,
case-0017,2,152,cpu,streams,sync,4096,2,0,2,4096,4,1196575044,true,0.0030839999999999999,,
case-0017,3,269,cpu,streams,sync,4096,2,0,2,4096,4,1196575044,true,0.0034580000000000001,,
case-0017,4,388,cpu,streams,sync,4096,2,0,2,4096,4,1196575044,true,0.0027499999999999998,,
case-0017,5,505,cpu,streams,sync,4096,2,0,2,4096,4,1196575044,true,0.0038340000000000002,,
case-0017,6,624,cpu,streams,sync,4096,2,0,2,4096,4,1196575044,true,0.0027499999999999998,,
case-0017,7,741,cpu,streams,sync,4096,2,0,2,4096,4,1196575044,true,0.0037499999999999999,,
case-0017,8,860,cpu,streams,sync,4096,2,0,2,4096,4,1196575044,true,0.0029169999999999999,,
case-0017,9,977,cpu,streams,sync,4096,2,0,2,4096,4,1196575044,true,0.0034580000000000001,,
case-0017,10,1096,cpu,streams,sync,4096,2,0,2,4096,4,1196575044,true,0.003042,,
case-0017,11,1213,cpu,streams,sync,4096,2,0,2,4096,4,1196575044,true,0.003875,,
case-0017,12,1332,cpu,streams,sync,4096,2,0,2,4096,4,1196575044,true,0.0027499999999999998,,
case-0017,13,1449,cpu,streams,sync,4096,2,0,2,4096,4,1196575044,true,0.0036250000000000002,,
case-0017,14,1568,cpu,streams,sync,4096,2,0,2,4096,4,1196575044,true,0.0026250000000000002,,
case-0017,15,1685,cpu,streams,sync,4096,2,0,2,4096,4,1196575044,true,0.0038340000000000002,,
case-0017,16,1804,cpu,streams,sync,4096,2,0,2,4096,4,1196575044,true,0.0026670000000000001,,
case-0017,17,1921,cpu,streams,sync,4096,2,0,2,4096,4,1196575044,true,0.0027499999999999998,,
case-0017,18,2160,cpu,streams,sync,4096,2,0,2,4096,4,1196575044,true,0.003042,,
case-0017,19,2277,cpu,streams,sync,4096,2,0,2,4096,4,1196575044,true,0.003209,,
case-0017,20,2396,cpu,streams,sync,4096,2,0,2,4096,4,1196575044,true,0.0031670000000000001,,
case-0018,1,36,cpu,streams,async,4096,2,2,2,4096,4,1196575044,true,0.030374999999999999,0.006208,
case-0018,2,153,cpu,streams,async,4096,2,2,2,4096,4,1196575044,true,0.03175,0.0051250000000000002,
case-0018,3,272,cpu,streams,async,4096,2,2,2,4096,4,1196575044,true,0.038207999999999999,0.0047910000000000001,
case-0018,4,389,cpu,streams,async,4096,2,2,2,4096,4,1196575044,true,0.041500000000000002,0.0044580000000000002,
case-0018,5,508,cpu,streams,async,4096,2,2,2,4096,4,1196575044,true,0.030584,0.0042500000000000003,
case-0018,6,625,cpu,streams,async,4096,2,2,2,4096,4,1196575044,true,0.041583000000000002,0.0045830000000000003,
case-0018,7,744,cpu,streams,async,4096,2,2,2,4096,4,1196575044,true,0.036458999999999998,0.0087500000000000008,
case-0018,8,861,cpu,streams,async,4096,2,2,2,4096,4,1196575044,true,0.042375000000000003,0.035957999999999997,
case-0018,9,980,cpu,streams,async,4096,2,2,2,4096,4,1196575044,true,0.027792000000000001,0.0042500000000000003,
case-0018,10,1097,cpu,streams,async,4096,2,2,2,4096,4,1196575044,true,0.034833000000000003,0.0050829999999999998,
case-0018,11,1216,cpu,streams,async,4096,2,2,2,4096,4,1196575044,true,0.029291999999999999,0.0048329999999999996,
case-0018,12,1333,cpu,streams,async,4096,2,2,2,4096,4,1196575044,true,0.041625000000000002,0.0050000000000000001,
case-0018,13,1452,cpu,streams,async,4096,2,2,2,4096,4,1196575044,true,0.032917000000000002,0.0041669999999999997,
case-0018,14,1569,cpu,streams,async,4096,2,2,2,4096,4,1196575044,true,0.036916999999999998,0.0044159999999999998,
case-0018,15,1688,cpu,streams,async,4096,2,2,2,4096,4,1196575044,true,0.035541999999999997,0.0044169999999999999,
case-0018,16,1805,cpu,streams,async,4096,2,2,2,4096,4,1196575044,true,0.034833000000000003,0.0046249999999999998,
case-0018,17,1924,cpu,streams,async,4096,2,2,2,4096,4,1196575044,true,0.046124999999999999,0.0040419999999999996,
case-0018,18,2041,cpu,streams,async,4096,2,2,2,4096,4,1196575044,true,0.031667000000000001,0.025832999999999998,
case-0018,19,2280,cpu,streams,async,4096,2,2,2,4096,4,1196575044,true,0.032417000000000001,0.0042500000000000003,
case-0018,20,2397,cpu,streams,async,4096,2,2,2,4096,4,1196575044,true,0.051957999999999997,0.0054169999999999999,
case-0019,1,37,cpu,streams,sync,4096,4,0,4,4096,4,1196575044,true,0.0057499999999999999,,
case-0019,2,156,cpu,streams,sync,4096,4,0,4,4096,4,1196575044,true,0.0035829999999999998,,
case-0019,3,273,cpu,streams,sync,4096,4,0,4,4096,4,1196575044,true,0.003333,,
case-0019,4,392,cpu,streams,sync,4096,4,0,4,4096,4,1196575044,true,0.0034169999999999999,,
case-0019,5,509,cpu,streams,sync,4096,4,0,4,4096,4,1196575044,true,0.0040419999999999996,,
case-0019,6,628,cpu,streams,sync,4096,4,0,4,4096,4,1196575044,true,0.0035409999999999999,,
case-0019,7,745,cpu,streams,sync,4096,4,0,4,4096,4,1196575044,true,0.0035839999999999999,,
case-0019,8,864,cpu,streams,sync,4096,4,0,4,4096,4,1196575044,true,0.003375,,
case-0019,9,981,cpu,streams,sync,4096,4,0,4,4096,4,1196575044,true,0.004084,,
case-0019,10,1100,cpu,streams,sync,4096,4,0,4,4096,4,1196575044,true,0.0035000000000000001,,
case-0019,11,1217,cpu,streams,sync,4096,4,0,4,4096,4,1196575044,true,0.003166,,
case-0019,12,1336,cpu,streams,sync,4096,4,0,4,4096,4,1196575044,true,0.0034580000000000001,,
case-0019,13,1453,cpu,streams,sync,4096,4,0,4,4096,4,1196575044,true,0.0040829999999999998,,
case-0019,14,1572,cpu,streams,sync,4096,4,0,4,4096,4,1196575044,true,0.003333,,
case-0019,15,1689,cpu,streams,sync,4096,4,0,4,4096,4,1196575044,true,0.0035000000000000001,,
case-0019,16,1808,cpu,streams,sync,4096,4,0,4,4096,4,1196575044,true,0.003666,,
case-0019,17,1925,cpu,streams,sync,4096,4,0,4,4096,4,1196575044,true,0.0040419999999999996,,
case-0019,18,2044,cpu,streams,sync,4096,4,0,4,4096,4,1196575044,true,0.0042500000000000003,,
case-0019,19,2161,cpu,streams,sync,4096,4,0,4,4096,4,1196575044,true,0.003542,,
case-0019,20,2400,cpu,streams,sync,4096,4,0,4,4096,4,1196575044,true,0.0037499999999999999,,
case-0020,1,40,cpu,streams,async,4096,4,4,4,4096,4,1196575044,true,0.059541999999999998,0.046209,
case-0020,2,157,cpu,streams,async,4096,4,4,4,4096,4,1196575044,true,0.064625000000000002,0.059583999999999998,
case-0020,3,276,cpu,streams,async,4096,4,4,4,4096,4,1196575044,true,0.064084000000000002,0.052874999999999998,
case-0020,4,393,cpu,streams,async,4096,4,4,4,4096,4,1196575044,true,0.059541999999999998,0.045166999999999999,
case-0020,5,512,cpu,streams,async,4096,4,4,4,4096,4,1196575044,true,0.063,0.056000000000000001,
case-0020,6,629,cpu,streams,async,4096,4,4,4,4096,4,1196575044,true,0.050167000000000003,0.032542000000000001,
case-0020,7,748,cpu,streams,async,4096,4,4,4,4096,4,1196575044,true,0.065333000000000002,0.047667000000000001,
case-0020,8,865,cpu,streams,async,4096,4,4,4,4096,4,1196575044,true,0.043499999999999997,0.027082999999999999,
case-0020,9,984,cpu,streams,async,4096,4,4,4,4096,4,1196575044,true,0.050791000000000003,0.033000000000000002,
case-0020,10,1101,cpu,streams,async,4096,4,4,4,4096,4,1196575044,true,0.057375000000000002,0.038875,
case-0020,11,1220,cpu,streams,async,4096,4,4,4,4096,4,1196575044,true,0.074082999999999996,0.057250000000000002,
case-0020,12,1337,cpu,streams,async,4096,4,4,4,4096,4,1196575044,true,0.074791999999999997,0.036416999999999998,
case-0020,13,1456,cpu,streams,async,4096,4,4,4,4096,4,1196575044,true,0.052082999999999997,0.014458,
case-0020,14,1573,cpu,streams,async,4096,4,4,4,4096,4,1196575044,true,0.068958000000000005,0.041291000000000001,
case-0020,15,1692,cpu,streams,async,4096,4,4,4,4096,4,1196575044,true,0.074041999999999997,0.070707999999999993,
case-0020,16,1809,cpu,streams,async,4096,4,4,4,4096,4,1196575044,true,0.087416999999999995,0.074416999999999997,
case-0020,17,1928,cpu,streams,async,4096,4,4,4,4096,4,1196575044,true,0.049833000000000002,0.021291999999999998,
case-0020,18,2045,cpu,streams,async,4096,4,4,4,4096,4,1196575044,true,0.063125000000000001,0.054292,
case-0020,19,2164,cpu,streams,async,4096,4,4,4,4096,4,1196575044,true,0.057833000000000002,0.048333000000000001,
case-0020,20,2281,cpu,streams,async,4096,4,4,4,4096,4,1196575044,true,0.088624999999999995,0.067542000000000005,
case-0021,1,41,cpu,dependency,sync,4096,1,0,2,8192,4,1196575044,true,0.0042090000000000001,,
case-0021,2,160,cpu,dependency,sync,4096,1,0,2,8192,4,1196575044,true,0.0032499999999999999,,
case-0021,3,277,cpu,dependency,sync,4096,1,0,2,8192,4,1196575044,true,0.003375,,
case-0021,4,396,cpu,dependency,sync,4096,1,0,2,8192,4,1196575044,true,0.003209,,
case-0021,5,513,cpu,dependency,sync,4096,1,0,2,8192,4,1196575044,true,0.0041250000000000002,,
case-0021,6,632,cpu,dependency,sync,4096,1,0,2,8192,4,1196575044,true,0.0033340000000000002,,
case-0021,7,749,cpu,dependency,sync,4096,1,0,2,8192,4,1196575044,true,0.0031670000000000001,,
case-0021,8,868,cpu,dependency,sync,4096,1,0,2,8192,4,1196575044,true,0.0030839999999999999,,
case-0021,9,985,cpu,dependency,sync,4096,1,0,2,8192,4,1196575044,true,0.0035000000000000001,,
case-0021,10,1104,cpu,dependency,sync,4096,1,0,2,8192,4,1196575044,true,0.0033340000000000002,,
case-0021,11,1221,cpu,dependency,sync,4096,1,0,2,8192,4,1196575044,true,0.0030829999999999998,,
case-0021,12,1340,cpu,dependency,sync,4096,1,0,2,8192,4,1196575044,true,0.003375,,
case-0021,13,1457,cpu,dependency,sync,4096,1,0,2,8192,4,1196575044,true,0.003209,,
case-0021,14,1576,cpu,dependency,sync,4096,1,0,2,8192,4,1196575044,true,0.003375,,
case-0021,15,1693,cpu,dependency,sync,4096,1,0,2,8192,4,1196575044,true,0.0032499999999999999,,
case-0021,16,1812,cpu,dependency,sync,4096,1,0,2,8192,4,1196575044,true,0.0034169999999999999,,
case-0021,17,1929,cpu,dependency,sync,4096,1,0,2,8192,4,1196575044,true,0.003333,,
case-0021,18,2048,cpu,dependency,sync,4096,1,0,2,8192,4,1196575044,true,0.0032919999999999998,,
case-0021,19,2165,cpu,dependency,sync,4096,1,0,2,8192,4,1196575044,true,0.003375,,
case-0021,20,2284,cpu,dependency,sync,4096,1,0,2,8192,4,1196575044,true,0.0032499999999999999,,
case-0022,1,44,cpu,dependency,async,4096,1,3,2,8192,4,1196575044,true,0.044874999999999998,0.037291999999999999,
case-0022,2,161,cpu,dependency,async,4096,1,3,2,8192,4,1196575044,true,0.039750000000000001,0.010125,
case-0022,3,280,cpu,dependency,async,4096,1,3,2,8192,4,1196575044,true,0.029749999999999999,0.0075420000000000001,
case-0022,4,397,cpu,dependency,async,4096,1,3,2,8192,4,1196575044,true,0.036833999999999999,0.0070419999999999996,
case-0022,5,516,cpu,dependency,async,4096,1,3,2,8192,4,1196575044,true,0.039,0.0071250000000000003,
case-0022,6,633,cpu,dependency,async,4096,1,3,2,8192,4,1196575044,true,0.039,0.0093329999999999993,
case-0022,7,752,cpu,dependency,async,4096,1,3,2,8192,4,1196575044,true,0.037415999999999998,0.022041999999999999,
case-0022,8,869,cpu,dependency,async,4096,1,3,2,8192,4,1196575044,true,0.032541,0.0095829999999999995,
case-0022,9,988,cpu,dependency,async,4096,1,3,2,8192,4,1196575044,true,0.049875000000000003,0.049792000000000003,
case-0022,10,1105,cpu,dependency,async,4096,1,3,2,8192,4,1196575044,true,0.042458000000000003,0.010292000000000001,
case-0022,11,1224,cpu,dependency,async,4096,1,3,2,8192,4,1196575044,true,0.057875000000000003,0.028708000000000001,
case-0022,12,1341,cpu,dependency,async,4096,1,3,2,8192,4,1196575044,true,0.032000000000000001,0.006417,
case-0022,13,1460,cpu,dependency,async,4096,1,3,2,8192,4,1196575044,true,0.027167,0.015375,
case-0022,14,1577,cpu,dependency,async,4096,1,3,2,8192,4,1196575044,true,0.025041999999999998,0.0061250000000000002,
case-0022,15,1696,cpu,dependency,async,4096,1,3,2,8192,4,1196575044,true,0.057917000000000003,0.023042,
case-0022,16,1813,cpu,dependency,async,4096,1,3,2,8192,4,1196575044,true,0.031625,0.0069170000000000004,
case-0022,17,1932,cpu,dependency,async,4096,1,3,2,8192,4,1196575044,true,0.042791999999999997,0.0099579999999999998,
case-0022,18,2049,cpu,dependency,async,4096,1,3,2,8192,4,1196575044,true,0.027959000000000001,0.0092499999999999995,
case-0022,19,2168,cpu,dependency,async,4096,1,3,2,8192,4,1196575044,true,0.048917000000000002,0.033875000000000002,
case-0022,20,2285,cpu,dependency,async,4096,1,3,2,8192,4,1196575044,true,0.038959000000000001,0.005208,
case-0023,1,45,cpu,resident,sync,4096,1,0,1,4096,4,1196575044,true,,,0.0046670000000000001
case-0023,2,164,cpu,resident,sync,4096,1,0,1,4096,4,1196575044,true,,,0.00125
case-0023,3,281,cpu,resident,sync,4096,1,0,1,4096,4,1196575044,true,,,0.0032499999999999999
case-0023,4,400,cpu,resident,sync,4096,1,0,1,4096,4,1196575044,true,,,0.001333
case-0023,5,517,cpu,resident,sync,4096,1,0,1,4096,4,1196575044,true,,,0.0017080000000000001
case-0023,6,636,cpu,resident,sync,4096,1,0,1,4096,4,1196575044,true,,,0.001292
case-0023,7,753,cpu,resident,sync,4096,1,0,1,4096,4,1196575044,true,,,0.0016670000000000001
case-0023,8,872,cpu,resident,sync,4096,1,0,1,4096,4,1196575044,true,,,0.001333
case-0023,9,989,cpu,resident,sync,4096,1,0,1,4096,4,1196575044,true,,,0.0018749999999999999
case-0023,10,1108,cpu,resident,sync,4096,1,0,1,4096,4,1196575044,true,,,0.001292
case-0023,11,1225,cpu,resident,sync,4096,1,0,1,4096,4,1196575044,true,,,0.0016670000000000001
case-0023,12,1344,cpu,resident,sync,4096,1,0,1,4096,4,1196575044,true,,,0.0013749999999999999
case-0023,13,1461,cpu,resident,sync,4096,1,0,1,4096,4,1196575044,true,,,0.001709
case-0023,14,1580,cpu,resident,sync,4096,1,0,1,4096,4,1196575044,true,,,0.001292
case-0023,15,1697,cpu,resident,sync,4096,1,0,1,4096,4,1196575044,true,,,0.00125
case-0023,16,1816,cpu,resident,sync,4096,1,0,1,4096,4,1196575044,true,,,0.0012080000000000001
case-0023,17,1933,cpu,resident,sync,4096,1,0,1,4096,4,1196575044,true,,,0.0016249999999999999
case-0023,18,2052,cpu,resident,sync,4096,1,0,1,4096,4,1196575044,true,,,0.001333
case-0023,19,2169,cpu,resident,sync,4096,1,0,1,4096,4,1196575044,true,,,0.011042
case-0023,20,2288,cpu,resident,sync,4096,1,0,1,4096,4,1196575044,true,,,0.0012080000000000001
case-0024,1,48,cpu,resident,async,4096,1,1,1,4096,4,1196575044,true,,0.0024169999999999999,0.011042
case-0024,2,165,cpu,resident,async,4096,1,1,1,4096,4,1196575044,true,,0.0017080000000000001,0.0082500000000000004
case-0024,3,284,cpu,resident,async,4096,1,1,1,4096,4,1196575044,true,,0.0016249999999999999,0.0085419999999999992
case-0024,4,401,cpu,resident,async,4096,1,1,1,4096,4,1196575044,true,,0.0011249999999999999,0.0072919999999999999
case-0024,5,520,cpu,resident,async,4096,1,1,1,4096,4,1196575044,true,,0.0011670000000000001,0.0071669999999999998
case-0024,6,637,cpu,resident,async,4096,1,1,1,4096,4,1196575044,true,,0.0011659999999999999,0.0067499999999999999
case-0024,7,756,cpu,resident,async,4096,1,1,1,4096,4,1196575044,true,,0.003833,0.010708000000000001
case-0024,8,873,cpu,resident,async,4096,1,1,1,4096,4,1196575044,true,,0.001209,0.0063340000000000002
case-0024,9,992,cpu,resident,async,4096,1,1,1,4096,4,1196575044,true,,0.0020830000000000002,0.0092079999999999992
case-0024,10,1109,cpu,resident,async,4096,1,1,1,4096,4,1196575044,true,,0.0012080000000000001,0.0070419999999999996
case-0024,11,1228,cpu,resident,async,4096,1,1,1,4096,4,1196575044,true,,0.001333,0.0072909999999999997
case-0024,12,1345,cpu,resident,async,4096,1,1,1,4096,4,1196575044,true,,0.0011249999999999999,0.0069579999999999998
case-0024,13,1464,cpu,resident,async,4096,1,1,1,4096,4,1196575044,true,,0.0019580000000000001,0.0090830000000000008
case-0024,14,1581,cpu,resident,async,4096,1,1,1,4096,4,1196575044,true,,0.00125,0.0068339999999999998
case-0024,15,1700,cpu,resident,async,4096,1,1,1,4096,4,1196575044,true,,0.0012080000000000001,0.0071659999999999996
case-0024,16,1817,cpu,resident,async,4096,1,1,1,4096,4,1196575044,true,,0.0011249999999999999,0.0073330000000000001
case-0024,17,1936,cpu,resident,async,4096,1,1,1,4096,4,1196575044,true,,0.00175,0.0076249999999999998
case-0024,18,2053,cpu,resident,async,4096,1,1,1,4096,4,1196575044,true,,0.0011659999999999999,0.0083750000000000005
case-0024,19,2172,cpu,resident,async,4096,1,1,1,4096,4,1196575044,true,,0.002,0.0087089999999999997
case-0024,20,2289,cpu,resident,async,4096,1,1,1,4096,4,1196575044,true,,0.001292,0.0064580000000000002
case-0025,1,49,cpu,single,sync,65536,1,0,1,65536,4,1196575044,true,0.074124999999999996,,
case-0025,2,168,cpu,single,sync,65536,1,0,1,65536,4,1196575044,true,0.017833999999999999,,
case-0025,3,285,cpu,single,sync,65536,1,0,1,65536,4,1196575044,true,0.022457999999999999,,
case-0025,4,404,cpu,single,sync,65536,1,0,1,65536,4,1196575044,true,0.018041999999999999,,
case-0025,5,521,cpu,single,sync,65536,1,0,1,65536,4,1196575044,true,0.022665999999999999,,
case-0025,6,640,cpu,single,sync,65536,1,0,1,65536,4,1196575044,true,0.018124999999999999,,
case-0025,7,757,cpu,single,sync,65536,1,0,1,65536,4,1196575044,true,0.022665999999999999,,
case-0025,8,876,cpu,single,sync,65536,1,0,1,65536,4,1196575044,true,0.017708000000000002,,
case-0025,9,993,cpu,single,sync,65536,1,0,1,65536,4,1196575044,true,0.022334,,
case-0025,10,1112,cpu,single,sync,65536,1,0,1,65536,4,1196575044,true,0.017583999999999999,,
case-0025,11,1229,cpu,single,sync,65536,1,0,1,65536,4,1196575044,true,0.022457999999999999,,
case-0025,12,1348,cpu,single,sync,65536,1,0,1,65536,4,1196575044,true,0.017999999999999999,,
case-0025,13,1465,cpu,single,sync,65536,1,0,1,65536,4,1196575044,true,0.022374999999999999,,
case-0025,14,1584,cpu,single,sync,65536,1,0,1,65536,4,1196575044,true,0.017791999999999999,,
case-0025,15,1701,cpu,single,sync,65536,1,0,1,65536,4,1196575044,true,0.022459,,
case-0025,16,1820,cpu,single,sync,65536,1,0,1,65536,4,1196575044,true,0.017791999999999999,,
case-0025,17,1937,cpu,single,sync,65536,1,0,1,65536,4,1196575044,true,0.022332999999999999,,
case-0025,18,2056,cpu,single,sync,65536,1,0,1,65536,4,1196575044,true,0.017874999999999999,,
case-0025,19,2173,cpu,single,sync,65536,1,0,1,65536,4,1196575044,true,0.022415999999999998,,
case-0025,20,2292,cpu,single,sync,65536,1,0,1,65536,4,1196575044,true,0.017999999999999999,,
case-0026,1,52,cpu,single,async,65536,1,1,1,65536,4,1196575044,true,0.079750000000000001,0.049250000000000002,
case-0026,2,169,cpu,single,async,65536,1,1,1,65536,4,1196575044,true,0.039708,0.016291,
case-0026,3,288,cpu,single,async,65536,1,1,1,65536,4,1196575044,true,0.043624999999999997,0.028875000000000001,
case-0026,4,405,cpu,single,async,65536,1,1,1,65536,4,1196575044,true,0.036332999999999997,0.012291,
case-0026,5,524,cpu,single,async,65536,1,1,1,65536,4,1196575044,true,0.045999999999999999,0.031334000000000001,
case-0026,6,641,cpu,single,async,65536,1,1,1,65536,4,1196575044,true,0.037332999999999998,0.016417000000000001,
case-0026,7,760,cpu,single,async,65536,1,1,1,65536,4,1196575044,true,0.047833000000000001,0.031875000000000001,
case-0026,8,877,cpu,single,async,65536,1,1,1,65536,4,1196575044,true,0.043707999999999997,0.013457999999999999,
case-0026,9,996,cpu,single,async,65536,1,1,1,65536,4,1196575044,true,0.040458000000000001,0.024583000000000001,
case-0026,10,1113,cpu,single,async,65536,1,1,1,65536,4,1196575044,true,0.039917000000000001,0.012500000000000001,
case-0026,11,1232,cpu,single,async,65536,1,1,1,65536,4,1196575044,true,0.043499999999999997,0.029416999999999999,
case-0026,12,1349,cpu,single,async,65536,1,1,1,65536,4,1196575044,true,0.041916000000000002,0.012042000000000001,
case-0026,13,1468,cpu,single,async,65536,1,1,1,65536,4,1196575044,true,0.044541999999999998,0.030374999999999999,
case-0026,14,1585,cpu,single,async,65536,1,1,1,65536,4,1196575044,true,0.037624999999999999,0.016375000000000001,
case-0026,15,1704,cpu,single,async,65536,1,1,1,65536,4,1196575044,true,0.045082999999999998,0.025624999999999998,
case-0026,16,1821,cpu,single,async,65536,1,1,1,65536,4,1196575044,true,0.037165999999999998,0.01225,
case-0026,17,1940,cpu,single,async,65536,1,1,1,65536,4,1196575044,true,0.044374999999999998,0.025541999999999999,
case-0026,18,2057,cpu,single,async,65536,1,1,1,65536,4,1196575044,true,0.037416999999999999,0.016500000000000001,
case-0026,19,2176,cpu,single,async,65536,1,1,1,65536,4,1196575044,true,0.044416999999999998,0.025708000000000002,
case-0026,20,2293,cpu,single,async,65536,1,1,1,65536,4,1196575044,true,0.039458,0.016083,
case-0027,1,53,cpu,streams,sync,65536,1,0,1,65536,4,1196575044,true,0.041916000000000002,,
case-0027,2,172,cpu,streams,sync,65536,1,0,1,65536,4,1196575044,true,0.017916000000000001,,
case-0027,3,289,cpu,streams,sync,65536,1,0,1,65536,4,1196575044,true,0.017624999999999998,,
case-0027,4,408,cpu,streams,sync,65536,1,0,1,65536,4,1196575044,true,0.017583000000000001,,
case-0027,5,525,cpu,streams,sync,65536,1,0,1,65536,4,1196575044,true,0.017708999999999999,,
case-0027,6,644,cpu,streams,sync,65536,1,0,1,65536,4,1196575044,true,0.017833000000000002,,
case-0027,7,761,cpu,streams,sync,65536,1,0,1,65536,4,1196575044,true,0.018249999999999999,,
case-0027,8,880,cpu,streams,sync,65536,1,0,1,65536,4,1196575044,true,0.017541000000000001,,
case-0027,9,997,cpu,streams,sync,65536,1,0,1,65536,4,1196575044,true,0.017541999999999999,,
case-0027,10,1116,cpu,streams,sync,65536,1,0,1,65536,4,1196575044,true,0.017708000000000002,,
case-0027,11,1233,cpu,streams,sync,65536,1,0,1,65536,4,1196575044,true,0.017791999999999999,,
case-0027,12,1352,cpu,streams,sync,65536,1,0,1,65536,4,1196575044,true,0.017916000000000001,,
case-0027,13,1469,cpu,streams,sync,65536,1,0,1,65536,4,1196575044,true,0.020167000000000001,,
case-0027,14,1588,cpu,streams,sync,65536,1,0,1,65536,4,1196575044,true,0.018166999999999999,,
case-0027,15,1705,cpu,streams,sync,65536,1,0,1,65536,4,1196575044,true,0.017666000000000001,,
case-0027,16,1824,cpu,streams,sync,65536,1,0,1,65536,4,1196575044,true,0.017791000000000001,,
case-0027,17,1941,cpu,streams,sync,65536,1,0,1,65536,4,1196575044,true,0.018541999999999999,,
case-0027,18,2060,cpu,streams,sync,65536,1,0,1,65536,4,1196575044,true,0.017708000000000002,,
case-0027,19,2177,cpu,streams,sync,65536,1,0,1,65536,4,1196575044,true,0.017666999999999999,,
case-0027,20,2296,cpu,streams,sync,65536,1,0,1,65536,4,1196575044,true,0.017833000000000002,,
case-0028,1,56,cpu,streams,async,65536,1,1,1,65536,4,1196575044,true,0.089124999999999996,0.048709000000000002,
case-0028,2,173,cpu,streams,async,65536,1,1,1,65536,4,1196575044,true,0.036582999999999997,0.012291,
case-0028,3,292,cpu,streams,async,65536,1,1,1,65536,4,1196575044,true,0.043208000000000003,0.028250000000000001,
case-0028,4,409,cpu,streams,async,65536,1,1,1,65536,4,1196575044,true,0.036374999999999998,0.012167000000000001,
case-0028,5,528,cpu,streams,async,65536,1,1,1,65536,4,1196575044,true,0.044124999999999998,0.025791999999999999,
case-0028,6,645,cpu,streams,async,65536,1,1,1,65536,4,1196575044,true,0.043916999999999998,0.018667,
case-0028,7,764,cpu,streams,async,65536,1,1,1,65536,4,1196575044,true,0.044499999999999998,0.030291999999999999,
case-0028,8,881,cpu,streams,async,65536,1,1,1,65536,4,1196575044,true,0.042958999999999997,0.013209,
case-0028,9,1000,cpu,streams,async,65536,1,1,1,65536,4,1196575044,true,0.042875000000000003,0.028375000000000001,
case-0028,10,1117,cpu,streams,async,65536,1,1,1,65536,4,1196575044,true,0.039542000000000001,0.01225,
case-0028,11,1236,cpu,streams,async,65536,1,1,1,65536,4,1196575044,true,0.045540999999999998,0.030374999999999999,
case-0028,12,1353,cpu,streams,async,65536,1,1,1,65536,4,1196575044,true,0.045457999999999998,0.016708000000000001,
case-0028,13,1472,cpu,streams,async,65536,1,1,1,65536,4,1196575044,true,0.044749999999999998,0.025708999999999999,
case-0028,14,1589,cpu,streams,async,65536,1,1,1,65536,4,1196575044,true,0.036874999999999998,0.012541999999999999,
case-0028,15,1708,cpu,streams,async,65536,1,1,1,65536,4,1196575044,true,0.044583999999999999,0.025791999999999999,
case-0028,16,1825,cpu,streams,async,65536,1,1,1,65536,4,1196575044,true,0.040459000000000002,0.013625,
case-0028,17,1944,cpu,streams,async,65536,1,1,1,65536,4,1196575044,true,0.044832999999999998,0.031375,
case-0028,18,2061,cpu,streams,async,65536,1,1,1,65536,4,1196575044,true,0.045959,0.02325,
case-0028,19,2180,cpu,streams,async,65536,1,1,1,65536,4,1196575044,true,0.049167000000000002,0.032125000000000001,
case-0028,20,2297,cpu,streams,async,65536,1,1,1,65536,4,1196575044,true,0.036166999999999998,0.012375000000000001,
case-0029,1,57,cpu,streams,sync,65536,2,0,2,65536,4,1196575044,true,0.044915999999999998,,
case-0029,2,176,cpu,streams,sync,65536,2,0,2,65536,4,1196575044,true,0.019540999999999999,,
case-0029,3,293,cpu,streams,sync,65536,2,0,2,65536,4,1196575044,true,0.019207999999999999,,
case-0029,4,412,cpu,streams,sync,65536,2,0,2,65536,4,1196575044,true,0.019292,,
case-0029,5,529,cpu,streams,sync,65536,2,0,2,65536,4,1196575044,true,0.018959,,
case-0029,6,648,cpu,streams,sync,65536,2,0,2,65536,4,1196575044,true,0.019,,
case-0029,7,765,cpu,streams,sync,65536,2,0,2,65536,4,1196575044,true,0.01925,,
case-0029,8,884,cpu,streams,sync,65536,2,0,2,65536,4,1196575044,true,0.019084,,
case-0029,9,1001,cpu,streams,sync,65536,2,0,2,65536,4,1196575044,true,0.019165999999999999,,
case-0029,10,1120,cpu,streams,sync,65536,2,0,2,65536,4,1196575044,true,0.019292,,
case-0029,11,1237,cpu,streams,sync,65536,2,0,2,65536,4,1196575044,true,0.019,,
case-0029,12,1356,cpu,streams,sync,65536,2,0,2,65536,4,1196575044,true,0.019417,,
case-0029,13,1473,cpu,streams,sync,65536,2,0,2,65536,4,1196575044,true,0.01925,,
case-0029,14,1592,cpu,streams,sync,65536,2,0,2,65536,4,1196575044,true,0.019417,,
case-0029,15,1709,cpu,streams,sync,65536,2,0,2,65536,4,1196575044,true,0.019,,
case-0029,16,1828,cpu,streams,sync,65536,2,0,2,65536,4,1196575044,true,0.022124999999999999,,
case-0029,17,1945,cpu,streams,sync,65536,2,0,2,65536,4,1196575044,true,0.019082999999999999,,
case-0029,18,2064,cpu,streams,sync,65536,2,0,2,65536,4,1196575044,true,0.0195,,
case-0029,19,2181,cpu,streams,sync,65536,2,0,2,65536,4,1196575044,true,0.019125,,
case-0029,20,2300,cpu,streams,sync,65536,2,0,2,65536,4,1196575044,true,0.018874999999999999,,
case-0030,1,60,cpu,streams,async,65536,2,2,2,65536,4,1196575044,true,0.085791000000000006,0.055916,
case-0030,2,177,cpu,streams,async,65536,2,2,2,65536,4,1196575044,true,0.055167000000000001,0.048583000000000001,
case-0030,3,296,cpu,streams,async,65536,2,2,2,65536,4,1196575044,true,0.069167000000000006,0.044458999999999999,
case-0030,4,413,cpu,streams,async,65536,2,2,2,65536,4,1196575044,true,0.076834,0.070958999999999994,
case-0030,5,532,cpu,streams,async,65536,2,2,2,65536,4,1196575044,true,0.098375000000000004,0.093082999999999999,
case-0030,6,649,cpu,streams,async,65536,2,2,2,65536,4,1196575044,true,0.071499999999999994,0.055958000000000001,
case-0030,7,768,cpu,streams,async,65536,2,2,2,65536,4,1196575044,true,0.077249999999999999,0.053582999999999999,
case-0030,8,885,cpu,streams,async,65536,2,2,2,65536,4,1196575044,true,0.056291000000000001,0.042042000000000003,
case-0030,9,1004,cpu,streams,async,65536,2,2,2,65536,4,1196575044,true,0.067666000000000004,0.047416,
case-0030,10,1121,cpu,streams,async,65536,2,2,2,65536,4,1196575044,true,0.061207999999999999,0.052665999999999998,
case-0030,11,1240,cpu,streams,async,65536,2,2,2,65536,4,1196575044,true,0.13454199999999999,0.129,
case-0030,12,1357,cpu,streams,async,65536,2,2,2,65536,4,1196575044,true,0.059833999999999998,0.041750000000000002,
case-0030,13,1476,cpu,streams,async,65536,2,2,2,65536,4,1196575044,true,0.071124999999999994,0.038040999999999998,
case-0030,14,1593,cpu,streams,async,65536,2,2,2,65536,4,1196575044,true,0.059874999999999998,0.027792000000000001,
case-0030,15,1712,cpu,streams,async,65536,2,2,2,65536,4,1196575044,true,0.068209000000000006,0.039125,
case-0030,16,1829,cpu,streams,async,65536,2,2,2,65536,4,1196575044,true,0.079875000000000002,0.062165999999999999,
case-0030,17,1948,cpu,streams,async,65536,2,2,2,65536,4,1196575044,true,0.064750000000000002,0.045458999999999999,
case-0030,18,2065,cpu,streams,async,65536,2,2,2,65536,4,1196575044,true,0.060791999999999999,0.04675,
case-0030,19,2184,cpu,streams,async,65536,2,2,2,65536,4,1196575044,true,0.066125000000000003,0.061082999999999998,
case-0030,20,2301,cpu,streams,async,65536,2,2,2,65536,4,1196575044,true,0.058624999999999997,0.048750000000000002,
case-0031,1,61,cpu,streams,sync,65536,4,0,4,65536,4,1196575044,true,0.092666999999999999,,
case-0031,2,180,cpu,streams,sync,65536,4,0,4,65536,4,1196575044,true,0.021083999999999999,,
case-0031,3,297,cpu,streams,sync,65536,4,0,4,65536,4,1196575044,true,0.021375000000000002,,
case-0031,4,416,cpu,streams,sync,65536,4,0,4,65536,4,1196575044,true,0.021083000000000001,,
case-0031,5,533,cpu,streams,sync,65536,4,0,4,65536,4,1196575044,true,0.021541999999999999,,
case-0031,6,652,cpu,streams,sync,65536,4,0,4,65536,4,1196575044,true,0.021333000000000001,,
case-0031,7,769,cpu,streams,sync,65536,4,0,4,65536,4,1196575044,true,0.021999999999999999,,
case-0031,8,888,cpu,streams,sync,65536,4,0,4,65536,4,1196575044,true,0.021000000000000001,,
case-0031,9,1005,cpu,streams,sync,65536,4,0,4,65536,4,1196575044,true,0.023625,,
case-0031,10,1124,cpu,streams,sync,65536,4,0,4,65536,4,1196575044,true,0.021125000000000001,,
case-0031,11,1241,cpu,streams,sync,65536,4,0,4,65536,4,1196575044,true,0.023125,,
case-0031,12,1360,cpu,streams,sync,65536,4,0,4,65536,4,1196575044,true,0.020833000000000001,,
case-0031,13,1477,cpu,streams,sync,65536,4,0,4,65536,4,1196575044,true,0.021916999999999999,,
case-0031,14,1596,cpu,streams,sync,65536,4,0,4,65536,4,1196575044,true,0.021166000000000001,,
case-0031,15,1713,cpu,streams,sync,65536,4,0,4,65536,4,1196575044,true,0.021499999999999998,,
case-0031,16,1832,cpu,streams,sync,65536,4,0,4,65536,4,1196575044,true,0.023709000000000001,,
case-0031,17,1949,cpu,streams,sync,65536,4,0,4,65536,4,1196575044,true,0.021333000000000001,,
case-0031,18,2068,cpu,streams,sync,65536,4,0,4,65536,4,1196575044,true,0.021708000000000002,,
case-0031,19,2185,cpu,streams,sync,65536,4,0,4,65536,4,1196575044,true,0.021749999999999999,,
case-0031,20,2304,cpu,streams,sync,65536,4,0,4,65536,4,1196575044,true,0.021583000000000001,,
case-0032,1,64,cpu,streams,async,65536,4,4,4,65536,4,1196575044,true,0.111625,0.096083000000000002,
case-0032,2,181,cpu,streams,async,65536,4,4,4,65536,4,1196575044,true,0.081000000000000003,0.070333000000000007,
case-0032,3,300,cpu,streams,async,65536,4,4,4,65536,4,1196575044,true,0.10037500000000001,0.095167000000000002,
case-0032,4,417,cpu,streams,async,65536,4,4,4,65536,4,1196575044,true,0.098125000000000004,0.086541999999999994,
case-0032,5,536,cpu,streams,async,65536,4,4,4,65536,4,1196575044,true,0.123125,0.111833,
case-0032,6,653,cpu,streams,async,65536,4,4,4,65536,4,1196575044,true,0.095458000000000001,0.070583000000000007,
case-0032,7,772,cpu,streams,async,65536,4,4,4,65536,4,1196575044,true,0.1105,0.099291000000000004,
case-0032,8,889,cpu,streams,async,65536,4,4,4,65536,4,1196575044,true,0.104625,0.090624999999999997,
case-0032,9,1008,cpu,streams,async,65536,4,4,4,65536,4,1196575044,true,0.10174999999999999,0.095792000000000002,
case-0032,10,1125,cpu,streams,async,65536,4,4,4,65536,4,1196575044,true,0.10404099999999999,0.083708000000000005,
case-0032,11,1244,cpu,streams,async,65536,4,4,4,65536,4,1196575044,true,0.097042000000000003,0.085083000000000006,
case-0032,12,1361,cpu,streams,async,65536,4,4,4,65536,4,1196575044,true,0.096625000000000003,0.091499999999999998,
case-0032,13,1480,cpu,streams,async,65536,4,4,4,65536,4,1196575044,true,0.12629199999999999,0.11629200000000001,
case-0032,14,1597,cpu,streams,async,65536,4,4,4,65536,4,1196575044,true,0.092499999999999999,0.074249999999999997,
case-0032,15,1716,cpu,streams,async,65536,4,4,4,65536,4,1196575044,true,0.099458000000000005,0.070041999999999993,
case-0032,16,1833,cpu,streams,async,65536,4,4,4,65536,4,1196575044,true,0.076749999999999999,0.061499999999999999,
case-0032,17,1952,cpu,streams,async,65536,4,4,4,65536,4,1196575044,true,0.120583,0.107083,
case-0032,18,2069,cpu,streams,async,65536,4,4,4,65536,4,1196575044,true,0.111625,0.104792,
case-0032,19,2188,cpu,streams,async,65536,4,4,4,65536,4,1196575044,true,0.107084,0.072916999999999996,
case-0032,20,2305,cpu,streams,async,65536,4,4,4,65536,4,1196575044,true,0.113333,0.084958000000000006,
case-0033,1,65,cpu,dependency,sync,65536,1,0,2,131072,4,1196575044,true,0.028083,,
case-0033,2,184,cpu,dependency,sync,65536,1,0,2,131072,4,1196575044,true,0.024208,,
case-0033,3,301,cpu,dependency,sync,65536,1,0,2,131072,4,1196575044,true,0.024333,,
case-0033,4,420,cpu,dependency,sync,65536,1,0,2,131072,4,1196575044,true,0.024250000000000001,,
case-0033,5,537,cpu,dependency,sync,65536,1,0,2,131072,4,1196575044,true,0.024458000000000001,,
case-0033,6,656,cpu,dependency,sync,65536,1,0,2,131072,4,1196575044,true,0.024042000000000001,,
case-0033,7,773,cpu,dependency,sync,65536,1,0,2,131072,4,1196575044,true,0.023958,,
case-0033,8,892,cpu,dependency,sync,65536,1,0,2,131072,4,1196575044,true,0.024250000000000001,,
case-0033,9,1009,cpu,dependency,sync,65536,1,0,2,131072,4,1196575044,true,0.024167000000000001,,
case-0033,10,1128,cpu,dependency,sync,65536,1,0,2,131072,4,1196575044,true,0.024166,,
case-0033,11,1245,cpu,dependency,sync,65536,1,0,2,131072,4,1196575044,true,0.024125000000000001,,
case-0033,12,1364,cpu,dependency,sync,65536,1,0,2,131072,4,1196575044,true,0.024250000000000001,,
case-0033,13,1481,cpu,dependency,sync,65536,1,0,2,131072,4,1196575044,true,0.023833,,
case-0033,14,1600,cpu,dependency,sync,65536,1,0,2,131072,4,1196575044,true,0.024125000000000001,,
case-0033,15,1717,cpu,dependency,sync,65536,1,0,2,131072,4,1196575044,true,0.024250000000000001,,
case-0033,16,1836,cpu,dependency,sync,65536,1,0,2,131072,4,1196575044,true,0.025541999999999999,,
case-0033,17,1953,cpu,dependency,sync,65536,1,0,2,131072,4,1196575044,true,0.023834000000000001,,
case-0033,18,2072,cpu,dependency,sync,65536,1,0,2,131072,4,1196575044,true,0.024417000000000001,,
case-0033,19,2189,cpu,dependency,sync,65536,1,0,2,131072,4,1196575044,true,0.024292000000000001,,
case-0033,20,2308,cpu,dependency,sync,65536,1,0,2,131072,4,1196575044,true,0.024083,,
case-0034,1,68,cpu,dependency,async,65536,1,3,2,131072,4,1196575044,true,0.09375,0.059041999999999997,
case-0034,2,185,cpu,dependency,async,65536,1,3,2,131072,4,1196575044,true,0.067750000000000005,0.027708,
case-0034,3,304,cpu,dependency,async,65536,1,3,2,131072,4,1196575044,true,0.054042,0.030957999999999999,
case-0034,4,421,cpu,dependency,async,65536,1,3,2,131072,4,1196575044,true,0.069417000000000006,0.023207999999999999,
case-0034,5,540,cpu,dependency,async,65536,1,3,2,131072,4,1196575044,true,0.066167000000000004,0.031625,
case-0034,6,657,cpu,dependency,async,65536,1,3,2,131072,4,1196575044,true,0.062125,0.023917000000000001,
case-0034,7,776,cpu,dependency,async,65536,1,3,2,131072,4,1196575044,true,0.063708000000000001,0.028292000000000001,
case-0034,8,893,cpu,dependency,async,65536,1,3,2,131072,4,1196575044,true,0.061749999999999999,0.018041999999999999,
case-0034,9,1012,cpu,dependency,async,65536,1,3,2,131072,4,1196575044,true,0.059541999999999998,0.038084,
case-0034,10,1129,cpu,dependency,async,65536,1,3,2,131072,4,1196575044,true,0.067708000000000004,0.030249999999999999,
case-0034,11,1248,cpu,dependency,async,65536,1,3,2,131072,4,1196575044,true,0.084917000000000006,0.033291000000000001,
case-0034,12,1365,cpu,dependency,async,65536,1,3,2,131072,4,1196575044,true,0.073457999999999996,0.022875,
case-0034,13,1484,cpu,dependency,async,65536,1,3,2,131072,4,1196575044,true,0.073374999999999996,0.036666999999999998,
case-0034,14,1601,cpu,dependency,async,65536,1,3,2,131072,4,1196575044,true,0.067417000000000005,0.032458000000000001,
case-0034,15,1720,cpu,dependency,async,65536,1,3,2,131072,4,1196575044,true,0.072082999999999994,0.029166000000000001,
case-0034,16,1837,cpu,dependency,async,65536,1,3,2,131072,4,1196575044,true,0.066250000000000003,0.022707999999999999,
case-0034,17,1956,cpu,dependency,async,65536,1,3,2,131072,4,1196575044,true,0.071624999999999994,0.048416000000000001,
case-0034,18,2073,cpu,dependency,async,65536,1,3,2,131072,4,1196575044,true,0.067208000000000004,0.026041000000000002,
case-0034,19,2192,cpu,dependency,async,65536,1,3,2,131072,4,1196575044,true,0.065292000000000003,0.029666999999999999,
case-0034,20,2309,cpu,dependency,async,65536,1,3,2,131072,4,1196575044,true,0.066500000000000004,0.022459,
case-0035,1,69,cpu,resident,sync,65536,1,0,1,65536,4,1196575044,true,,,0.0091669999999999998
case-0035,2,188,cpu,resident,sync,65536,1,0,1,65536,4,1196575044,true,,,0.0071669999999999998
case-0035,3,305,cpu,resident,sync,65536,1,0,1,65536,4,1196575044,true,,,0.0074999999999999997
case-0035,4,424,cpu,resident,sync,65536,1,0,1,65536,4,1196575044,true,,,0.0070419999999999996
case-0035,5,541,cpu,resident,sync,65536,1,0,1,65536,4,1196575044,true,,,0.0077910000000000002
case-0035,6,660,cpu,resident,sync,65536,1,0,1,65536,4,1196575044,true,,,0.0068339999999999998
case-0035,7,777,cpu,resident,sync,65536,1,0,1,65536,4,1196575044,true,,,0.0074159999999999998
case-0035,8,896,cpu,resident,sync,65536,1,0,1,65536,4,1196575044,true,,,0.0071669999999999998
case-0035,9,1013,cpu,resident,sync,65536,1,0,1,65536,4,1196575044,true,,,0.0075839999999999996
case-0035,10,1132,cpu,resident,sync,65536,1,0,1,65536,4,1196575044,true,,,0.0070829999999999999
case-0035,11,1249,cpu,resident,sync,65536,1,0,1,65536,4,1196575044,true,,,0.007417
case-0035,12,1368,cpu,resident,sync,65536,1,0,1,65536,4,1196575044,true,,,0.0070829999999999999
case-0035,13,1485,cpu,resident,sync,65536,1,0,1,65536,4,1196575044,true,,,0.0089589999999999999
case-0035,14,1604,cpu,resident,sync,65536,1,0,1,65536,4,1196575044,true,,,0.0069579999999999998
case-0035,15,1721,cpu,resident,sync,65536,1,0,1,65536,4,1196575044,true,,,0.0074999999999999997
case-0035,16,1840,cpu,resident,sync,65536,1,0,1,65536,4,1196575044,true,,,0.0070000000000000001
case-0035,17,1957,cpu,resident,sync,65536,1,0,1,65536,4,1196575044,true,,,0.007208
case-0035,18,2076,cpu,resident,sync,65536,1,0,1,65536,4,1196575044,true,,,0.0070829999999999999
case-0035,19,2193,cpu,resident,sync,65536,1,0,1,65536,4,1196575044,true,,,0.0090840000000000001
case-0035,20,2312,cpu,resident,sync,65536,1,0,1,65536,4,1196575044,true,,,0.0070419999999999996
case-0036,1,72,cpu,resident,async,65536,1,1,1,65536,4,1196575044,true,,0.002,0.014541999999999999
case-0036,2,189,cpu,resident,async,65536,1,1,1,65536,4,1196575044,true,,0.001833,0.014375000000000001
case-0036,3,308,cpu,resident,async,65536,1,1,1,65536,4,1196575044,true,,0.0019170000000000001,0.014291999999999999
case-0036,4,425,cpu,resident,async,65536,1,1,1,65536,4,1196575044,true,,0.0018749999999999999,0.020417000000000001
case-0036,5,544,cpu,resident,async,65536,1,1,1,65536,4,1196575044,true,,0.0019580000000000001,0.014375000000000001
case-0036,6,661,cpu,resident,async,65536,1,1,1,65536,4,1196575044,true,,0.0016249999999999999,0.013875
case-0036,7,780,cpu,resident,async,65536,1,1,1,65536,4,1196575044,true,,0.0016249999999999999,0.0135
case-0036,8,897,cpu,resident,async,65536,1,1,1,65536,4,1196575044,true,,0.001709,0.021125000000000001
case-0036,9,1016,cpu,resident,async,65536,1,1,1,65536,4,1196575044,true,,0.0021250000000000002,0.014874999999999999
case-0036,10,1133,cpu,resident,async,65536,1,1,1,65536,4,1196575044,true,,0.0019170000000000001,0.014125
case-0036,11,1252,cpu,resident,async,65536,1,1,1,65536,4,1196575044,true,,0.001792,0.01375
case-0036,12,1369,cpu,resident,async,65536,1,1,1,65536,4,1196575044,true,,0.0017080000000000001,0.01375
case-0036,13,1488,cpu,resident,async,65536,1,1,1,65536,4,1196575044,true,,0.002166,0.014749999999999999
case-0036,14,1605,cpu,resident,async,65536,1,1,1,65536,4,1196575044,true,,0.0018749999999999999,0.020333
case-0036,15,1724,cpu,resident,async,65536,1,1,1,65536,4,1196575044,true,,0.0016670000000000001,0.013667
case-0036,16,1841,cpu,resident,async,65536,1,1,1,65536,4,1196575044,true,,0.0019580000000000001,0.014250000000000001
case-0036,17,1960,cpu,resident,async,65536,1,1,1,65536,4,1196575044,true,,0.0025409999999999999,0.015540999999999999
case-0036,18,2077,cpu,resident,async,65536,1,1,1,65536,4,1196575044,true,,0.0019580000000000001,0.020542000000000001
case-0036,19,2196,cpu,resident,async,65536,1,1,1,65536,4,1196575044,true,,0.0021670000000000001,0.014625000000000001
case-0036,20,2313,cpu,resident,async,65536,1,1,1,65536,4,1196575044,true,,0.00175,0.014375000000000001
case-0037,1,73,cpu,single,sync,262144,1,0,1,262144,4,1196575044,true,0.068666000000000005,,
case-0037,2,192,cpu,single,sync,262144,1,0,1,262144,4,1196575044,true,0.068500000000000005,,
case-0037,3,309,cpu,single,sync,262144,1,0,1,262144,4,1196575044,true,0.068958000000000005,,
case-0037,4,428,cpu,single,sync,262144,1,0,1,262144,4,1196575044,true,0.068500000000000005,,
case-0037,5,545,cpu,single,sync,262144,1,0,1,262144,4,1196575044,true,0.070166999999999993,,
case-0037,6,664,cpu,single,sync,262144,1,0,1,262144,4,1196575044,true,0.068625000000000005,,
case-0037,7,781,cpu,single,sync,262144,1,0,1,262144,4,1196575044,true,0.069459000000000007,,
case-0037,8,900,cpu,single,sync,262144,1,0,1,262144,4,1196575044,true,0.068166000000000004,,
case-0037,9,1017,cpu,single,sync,262144,1,0,1,262144,4,1196575044,true,0.082000000000000003,,
case-0037,10,1136,cpu,single,sync,262144,1,0,1,262144,4,1196575044,true,0.077292,,
case-0037,11,1253,cpu,single,sync,262144,1,0,1,262144,4,1196575044,true,0.069375000000000006,,
case-0037,12,1372,cpu,single,sync,262144,1,0,1,262144,4,1196575044,true,0.078040999999999999,,
case-0037,13,1489,cpu,single,sync,262144,1,0,1,262144,4,1196575044,true,0.069875000000000007,,
case-0037,14,1608,cpu,single,sync,262144,1,0,1,262144,4,1196575044,true,0.067833000000000004,,
case-0037,15,1725,cpu,single,sync,262144,1,0,1,262144,4,1196575044,true,0.070041999999999993,,
case-0037,16,1844,cpu,single,sync,262144,1,0,1,262144,4,1196575044,true,0.068042000000000005,,
case-0037,17,1961,cpu,single,sync,262144,1,0,1,262144,4,1196575044,true,0.070166999999999993,,
case-0037,18,2080,cpu,single,sync,262144,1,0,1,262144,4,1196575044,true,0.068875000000000006,,
case-0037,19,2197,cpu,single,sync,262144,1,0,1,262144,4,1196575044,true,0.069792000000000007,,
case-0037,20,2316,cpu,single,sync,262144,1,0,1,262144,4,1196575044,true,0.068709000000000006,,
case-0038,1,76,cpu,single,async,262144,1,1,1,262144,4,1196575044,true,0.109791,0.047375,
case-0038,2,193,cpu,single,async,262144,1,1,1,262144,4,1196575044,true,0.110708,0.041875000000000002,
case-0038,3,312,cpu,single,async,262144,1,1,1,262144,4,1196575044,true,0.108167,0.047584000000000001,
case-0038,4,429,cpu,single,async,262144,1,1,1,262144,4,1196575044,true,0.11075,0.046249999999999999,
case-0038,5,548,cpu,single,async,262144,1,1,1,262144,4,1196575044,true,0.111209,0.046542,
case-0038,6,665,cpu,single,async,262144,1,1,1,262144,4,1196575044,true,0.11608300000000001,0.041750000000000002,
case-0038,7,784,cpu,single,async,262144,1,1,1,262144,4,1196575044,true,0.110083,0.050083000000000003,
case-0038,8,901,cpu,single,async,262144,1,1,1,262144,4,1196575044,true,0.11075,0.041250000000000002,
case-0038,9,1020,cpu,single,async,262144,1,1,1,262144,4,1196575044,true,0.109417,0.048667000000000002,
case-0038,10,1137,cpu,single,async,262144,1,1,1,262144,4,1196575044,true,0.11,0.042000000000000003,
case-0038,11,1256,cpu,single,async,262144,1,1,1,262144,4,1196575044,true,0.109208,0.048166,
case-0038,12,1373,cpu,single,async,262144,1,1,1,262144,4,1196575044,true,0.111,0.041875000000000002,
case-0038,13,1492,cpu,single,async,262144,1,1,1,262144,4,1196575044,true,0.110167,0.047875000000000001,
case-0038,14,1609,cpu,single,async,262144,1,1,1,262144,4,1196575044,true,0.111458,0.046958,
case-0038,15,1728,cpu,single,async,262144,1,1,1,262144,4,1196575044,true,0.110208,0.049417000000000003,
case-0038,16,1845,cpu,single,async,262144,1,1,1,262144,4,1196575044,true,0.111083,0.042167000000000003,
case-0038,17,1964,cpu,single,async,262144,1,1,1,262144,4,1196575044,true,0.108417,0.049375000000000002,
case-0038,18,2081,cpu,single,async,262144,1,1,1,262144,4,1196575044,true,0.111458,0.046875,
case-0038,19,2200,cpu,single,async,262144,1,1,1,262144,4,1196575044,true,0.111,0.050000000000000003,
case-0038,20,2317,cpu,single,async,262144,1,1,1,262144,4,1196575044,true,0.111583,0.046542,
case-0039,1,77,cpu,streams,sync,262144,1,0,1,262144,4,1196575044,true,0.068708000000000005,,
case-0039,2,196,cpu,streams,sync,262144,1,0,1,262144,4,1196575044,true,0.068875000000000006,,
case-0039,3,313,cpu,streams,sync,262144,1,0,1,262144,4,1196575044,true,0.068333000000000005,,
case-0039,4,432,cpu,streams,sync,262144,1,0,1,262144,4,1196575044,true,0.069125000000000006,,
case-0039,5,549,cpu,streams,sync,262144,1,0,1,262144,4,1196575044,true,0.068541000000000005,,
case-0039,6,668,cpu,streams,sync,262144,1,0,1,262144,4,1196575044,true,0.068959000000000006,,
case-0039,7,785,cpu,streams,sync,262144,1,0,1,262144,4,1196575044,true,0.070916999999999994,,
case-0039,8,904,cpu,streams,sync,262144,1,0,1,262144,4,1196575044,true,0.069000000000000006,,
case-0039,9,1021,cpu,streams,sync,262144,1,0,1,262144,4,1196575044,true,0.068375000000000005,,
case-0039,10,1140,cpu,streams,sync,262144,1,0,1,262144,4,1196575044,true,0.069000000000000006,,
case-0039,11,1257,cpu,streams,sync,262144,1,0,1,262144,4,1196575044,true,0.067750000000000005,,
case-0039,12,1376,cpu,streams,sync,262144,1,0,1,262144,4,1196575044,true,0.068958000000000005,,
case-0039,13,1493,cpu,streams,sync,262144,1,0,1,262144,4,1196575044,true,0.067875000000000005,,
case-0039,14,1612,cpu,streams,sync,262144,1,0,1,262144,4,1196575044,true,0.068625000000000005,,
case-0039,15,1729,cpu,streams,sync,262144,1,0,1,262144,4,1196575044,true,0.067792000000000005,,
case-0039,16,1848,cpu,streams,sync,262144,1,0,1,262144,4,1196575044,true,0.068625000000000005,,
case-0039,17,1965,cpu,streams,sync,262144,1,0,1,262144,4,1196575044,true,0.068334000000000006,,
case-0039,18,2084,cpu,streams,sync,262144,1,0,1,262144,4,1196575044,true,0.070083999999999994,,
case-0039,19,2201,cpu,streams,sync,262144,1,0,1,262144,4,1196575044,true,0.068083000000000005,,
case-0039,20,2320,cpu,streams,sync,262144,1,0,1,262144,4,1196575044,true,0.068709000000000006,,
case-0040,1,80,cpu,streams,async,262144,1,1,1,262144,4,1196575044,true,0.111542,0.048375000000000001,
case-0040,2,197,cpu,streams,async,262144,1,1,1,262144,4,1196575044,true,0.111209,0.044583999999999999,
case-0040,3,316,cpu,streams,async,262144,1,1,1,262144,4,1196575044,true,0.109084,0.047500000000000001,
case-0040,4,433,cpu,streams,async,262144,1,1,1,262144,4,1196575044,true,0.110583,0.044541999999999998,
case-0040,5,552,cpu,streams,async,262144,1,1,1,262144,4,1196575044,true,0.110917,0.048125000000000001,
case-0040,6,669,cpu,streams,async,262144,1,1,1,262144,4,1196575044,true,0.111084,0.044791999999999998,
case-0040,7,788,cpu,streams,async,262144,1,1,1,262144,4,1196575044,true,0.110042,0.046667,
case-0040,8,905,cpu,streams,async,262144,1,1,1,262144,4,1196575044,true,0.111584,0.045249999999999999,
case-0040,9,1024,cpu,streams,async,262144,1,1,1,262144,4,1196575044,true,0.108167,0.046834000000000001,
case-0040,10,1141,cpu,streams,async,262144,1,1,1,262144,4,1196575044,true,0.10875,0.039541,
case-0040,11,1260,cpu,streams,async,262144,1,1,1,262144,4,1196575044,true,0.108167,0.047708,
case-0040,12,1377,cpu,streams,async,262144,1,1,1,262144,4,1196575044,true,0.109625,0.044583999999999999,
case-0040,13,1496,cpu,streams,async,262144,1,1,1,262144,4,1196575044,true,0.112666,0.047625000000000001,
case-0040,14,1613,cpu,streams,async,262144,1,1,1,262144,4,1196575044,true,0.1085,0.039917000000000001,
case-0040,15,1732,cpu,streams,async,262144,1,1,1,262144,4,1196575044,true,0.1095,0.046833,
case-0040,16,1849,cpu,streams,async,262144,1,1,1,262144,4,1196575044,true,0.11754100000000001,0.044874999999999998,
case-0040,17,1968,cpu,streams,async,262144,1,1,1,262144,4,1196575044,true,0.111,0.051666999999999998,
case-0040,18,2085,cpu,streams,async,262144,1,1,1,262144,4,1196575044,true,0.108458,0.045457999999999998,
case-0040,19,2204,cpu,streams,async,262144,1,1,1,262144,4,1196575044,true,0.110208,0.047583,
case-0040,20,2321,cpu,streams,async,262144,1,1,1,262144,4,1196575044,true,0.111209,0.044708999999999999,
case-0041,1,81,cpu,streams,sync,262144,2,0,2,262144,4,1196575044,true,0.069458000000000006,,
case-0041,2,200,cpu,streams,sync,262144,2,0,2,262144,4,1196575044,true,0.070291999999999993,,
case-0041,3,317,cpu,streams,sync,262144,2,0,2,262144,4,1196575044,true,0.069334000000000007,,
case-0041,4,436,cpu,streams,sync,262144,2,0,2,262144,4,1196575044,true,0.070374999999999993,,
case-0041,5,553,cpu,streams,sync,262144,2,0,2,262144,4,1196575044,true,0.069833000000000006,,
case-0041,6,672,cpu,streams,sync,262144,2,0,2,262144,4,1196575044,true,0.070499999999999993,,
case-0041,7,789,cpu,streams,sync,262144,2,0,2,262144,4,1196575044,true,0.069250000000000006,,
case-0041,8,908,cpu,streams,sync,262144,2,0,2,262144,4,1196575044,true,0.070333000000000007,,
case-0041,9,1025,cpu,streams,sync,262144,2,0,2,262144,4,1196575044,true,0.069750000000000006,,
case-0041,10,1144,cpu,streams,sync,262144,2,0,2,262144,4,1196575044,true,0.070000000000000007,,
case-0041,11,1261,cpu,streams,sync,262144,2,0,2,262144,4,1196575044,true,0.069041000000000005,,
case-0041,12,1380,cpu,streams,sync,262144,2,0,2,262144,4,1196575044,true,0.069875000000000007,,
case-0041,13,1497,cpu,streams,sync,262144,2,0,2,262144,4,1196575044,true,0.069875000000000007,,
case-0041,14,1616,cpu,streams,sync,262144,2,0,2,262144,4,1196575044,true,0.070250000000000007,,
case-0041,15,1733,cpu,streams,sync,262144,2,0,2,262144,4,1196575044,true,0.069625000000000006,,
case-0041,16,1852,cpu,streams,sync,262144,2,0,2,262144,4,1196575044,true,0.071624999999999994,,
case-0041,17,1969,cpu,streams,sync,262144,2,0,2,262144,4,1196575044,true,0.070166000000000006,,
case-0041,18,2088,cpu,streams,sync,262144,2,0,2,262144,4,1196575044,true,0.070666000000000007,,
case-0041,19,2205,cpu,streams,sync,262144,2,0,2,262144,4,1196575044,true,0.069292000000000006,,
case-0041,20,2324,cpu,streams,sync,262144,2,0,2,262144,4,1196575044,true,0.070125000000000007,,
case-0042,1,84,cpu,streams,async,262144,2,2,2,262144,4,1196575044,true,0.113125,0.073624999999999996,
case-0042,2,201,cpu,streams,async,262144,2,2,2,262144,4,1196575044,true,0.085083000000000006,0.055916,
case-0042,3,320,cpu,streams,async,262144,2,2,2,262144,4,1196575044,true,0.111291,0.074249999999999997,
case-0042,4,437,cpu,streams,async,262144,2,2,2,262144,4,1196575044,true,0.085500000000000007,0.054667,
case-0042,5,556,cpu,streams,async,262144,2,2,2,262144,4,1196575044,true,0.11475,0.078375,
case-0042,6,673,cpu,streams,async,262144,2,2,2,262144,4,1196575044,true,0.085708000000000006,0.05425,
case-0042,7,792,cpu,streams,async,262144,2,2,2,262144,4,1196575044,true,0.10154100000000001,0.062667,
case-0042,8,909,cpu,streams,async,262144,2,2,2,262144,4,1196575044,true,0.085417000000000007,0.054625,
case-0042,9,1028,cpu,streams,async,262144,2,2,2,262144,4,1196575044,true,0.10133399999999999,0.064625000000000002,
case-0042,10,1145,cpu,streams,async,262144,2,2,2,262144,4,1196575044,true,0.085666000000000006,0.055125,
case-0042,11,1264,cpu,streams,async,262144,2,2,2,262144,4,1196575044,true,0.10054200000000001,0.064458000000000001,
case-0042,12,1381,cpu,streams,async,262144,2,2,2,262144,4,1196575044,true,0.086416999999999994,0.054667,
case-0042,13,1500,cpu,streams,async,262144,2,2,2,262144,4,1196575044,true,0.10208399999999999,0.064417000000000002,
case-0042,14,1617,cpu,streams,async,262144,2,2,2,262144,4,1196575044,true,0.087207999999999994,0.056416000000000001,
case-0042,15,1736,cpu,streams,async,262144,2,2,2,262144,4,1196575044,true,0.106209,0.072707999999999995,
case-0042,16,1853,cpu,streams,async,262144,2,2,2,262144,4,1196575044,true,0.092459,0.081875000000000003,
case-0042,17,1972,cpu,streams,async,262144,2,2,2,262144,4,1196575044,true,0.113083,0.073999999999999996,
case-0042,18,2089,cpu,streams,async,262144,2,2,2,262144,4,1196575044,true,0.085000000000000006,0.053874999999999999,
case-0042,19,2208,cpu,streams,async,262144,2,2,2,262144,4,1196575044,true,0.109916,0.064916000000000001,
case-0042,20,2325,cpu,streams,async,262144,2,2,2,262144,4,1196575044,true,0.092291999999999999,0.053541999999999999,
case-0043,1,85,cpu,streams,sync,262144,4,0,4,262144,4,1196575044,true,0.072332999999999995,,
case-0043,2,204,cpu,streams,sync,262144,4,0,4,262144,4,1196575044,true,0.072707999999999995,,
case-0043,3,321,cpu,streams,sync,262144,4,0,4,262144,4,1196575044,true,0.071749999999999994,,
case-0043,4,440,cpu,streams,sync,262144,4,0,4,262144,4,1196575044,true,0.072374999999999995,,
case-0043,5,557,cpu,streams,sync,262144,4,0,4,262144,4,1196575044,true,0.072165999999999994,,
case-0043,6,676,cpu,streams,sync,262144,4,0,4,262144,4,1196575044,true,0.072332999999999995,,
case-0043,7,793,cpu,streams,sync,262144,4,0,4,262144,4,1196575044,true,0.071791999999999995,,
case-0043,8,912,cpu,streams,sync,262144,4,0,4,262144,4,1196575044,true,0.072791999999999996,,
case-0043,9,1029,cpu,streams,sync,262144,4,0,4,262144,4,1196575044,true,0.071749999999999994,,
case-0043,10,1148,cpu,streams,sync,262144,4,0,4,262144,4,1196575044,true,0.072791999999999996,,
case-0043,11,1265,cpu,streams,sync,262144,4,0,4,262144,4,1196575044,true,0.071791999999999995,,
case-0043,12,1384,cpu,streams,sync,262144,4,0,4,262144,4,1196575044,true,0.072082999999999994,,
case-0043,13,1501,cpu,streams,sync,262144,4,0,4,262144,4,1196575044,true,0.071666999999999995,,
case-0043,14,1620,cpu,streams,sync,262144,4,0,4,262144,4,1196575044,true,0.073082999999999995,,
case-0043,15,1737,cpu,streams,sync,262144,4,0,4,262144,4,1196575044,true,0.071582999999999994,,
case-0043,16,1856,cpu,streams,sync,262144,4,0,4,262144,4,1196575044,true,0.073290999999999995,,
case-0043,17,1973,cpu,streams,sync,262144,4,0,4,262144,4,1196575044,true,0.071790999999999994,,
case-0043,18,2092,cpu,streams,sync,262144,4,0,4,262144,4,1196575044,true,0.072707999999999995,,
case-0043,19,2209,cpu,streams,sync,262144,4,0,4,262144,4,1196575044,true,0.071791999999999995,,
case-0043,20,2328,cpu,streams,sync,262144,4,0,4,262144,4,1196575044,true,0.072833999999999996,,
case-0044,1,88,cpu,streams,async,262144,4,4,4,262144,4,1196575044,true,0.144708,0.120542,
case-0044,2,205,cpu,streams,async,262144,4,4,4,262144,4,1196575044,true,0.14524999999999999,0.124917,
case-0044,3,324,cpu,streams,async,262144,4,4,4,262144,4,1196575044,true,0.17641599999999999,0.143291,
case-0044,4,441,cpu,streams,async,262144,4,4,4,262144,4,1196575044,true,0.140042,0.11741699999999999,
case-0044,5,560,cpu,streams,async,262144,4,4,4,262144,4,1196575044,true,0.16250000000000001,0.13625000000000001,
case-0044,6,677,cpu,streams,async,262144,4,4,4,262144,4,1196575044,true,0.119375,0.099500000000000005,
case-0044,7,796,cpu,streams,async,262144,4,4,4,262144,4,1196575044,true,0.16583300000000001,0.143209,
case-0044,8,913,cpu,streams,async,262144,4,4,4,262144,4,1196575044,true,0.138042,0.11637500000000001,
case-0044,9,1032,cpu,streams,async,262144,4,4,4,262144,4,1196575044,true,0.129917,0.104042,
case-0044,10,1149,cpu,streams,async,262144,4,4,4,262144,4,1196575044,true,0.17933399999999999,0.15279200000000001,
case-0044,11,1268,cpu,streams,async,262144,4,4,4,262144,4,1196575044,true,0.12729099999999999,0.109042,
case-0044,12,1385,cpu,streams,async,262144,4,4,4,262144,4,1196575044,true,0.16370799999999999,0.12562499999999999,
case-0044,13,1504,cpu,streams,async,262144,4,4,4,262144,4,1196575044,true,0.12670799999999999,0.106125,
case-0044,14,1621,cpu,streams,async,262144,4,4,4,262144,4,1196575044,true,0.12925,0.11600000000000001,
case-0044,15,1740,cpu,streams,async,262144,4,4,4,262144,4,1196575044,true,0.172375,0.16525000000000001,
case-0044,16,1857,cpu,streams,async,262144,4,4,4,262144,4,1196575044,true,0.094333,0.073707999999999996,
case-0044,17,1976,cpu,streams,async,262144,4,4,4,262144,4,1196575044,true,0.13295899999999999,0.11466700000000001,
case-0044,18,2093,cpu,streams,async,262144,4,4,4,262144,4,1196575044,true,0.16229199999999999,0.13412499999999999,
case-0044,19,2212,cpu,streams,async,262144,4,4,4,262144,4,1196575044,true,0.15112500000000001,0.13012499999999999,
case-0044,20,2329,cpu,streams,async,262144,4,4,4,262144,4,1196575044,true,0.123833,0.112125,
case-0045,1,89,cpu,dependency,sync,262144,1,0,2,524288,4,1196575044,true,0.092374999999999999,,
case-0045,2,208,cpu,dependency,sync,262144,1,0,2,524288,4,1196575044,true,0.092665999999999998,,
case-0045,3,325,cpu,dependency,sync,262144,1,0,2,524288,4,1196575044,true,0.092582999999999999,,
case-0045,4,444,cpu,dependency,sync,262144,1,0,2,524288,4,1196575044,true,0.093459,,
case-0045,5,561,cpu,dependency,sync,262144,1,0,2,524288,4,1196575044,true,0.092374999999999999,,
case-0045,6,680,cpu,dependency,sync,262144,1,0,2,524288,4,1196575044,true,0.098708000000000004,,
case-0045,7,797,cpu,dependency,sync,262144,1,0,2,524288,4,1196575044,true,0.092832999999999999,,
case-0045,8,916,cpu,dependency,sync,262144,1,0,2,524288,4,1196575044,true,0.093584000000000001,,
case-0045,9,1033,cpu,dependency,sync,262144,1,0,2,524288,4,1196575044,true,0.092374999999999999,,
case-0045,10,1152,cpu,dependency,sync,262144,1,0,2,524288,4,1196575044,true,0.093040999999999999,,
case-0045,11,1269,cpu,dependency,sync,262144,1,0,2,524288,4,1196575044,true,0.096125000000000002,,
case-0045,12,1388,cpu,dependency,sync,262144,1,0,2,524288,4,1196575044,true,0.093583,,
case-0045,13,1505,cpu,dependency,sync,262144,1,0,2,524288,4,1196575044,true,0.092333999999999999,,
case-0045,14,1624,cpu,dependency,sync,262144,1,0,2,524288,4,1196575044,true,0.092874999999999999,,
case-0045,15,1741,cpu,dependency,sync,262144,1,0,2,524288,4,1196575044,true,0.092374999999999999,,
case-0045,16,1860,cpu,dependency,sync,262144,1,0,2,524288,4,1196575044,true,0.095667000000000002,,
case-0045,17,1977,cpu,dependency,sync,262144,1,0,2,524288,4,1196575044,true,0.093042,,
case-0045,18,2096,cpu,dependency,sync,262144,1,0,2,524288,4,1196575044,true,0.09325,,
case-0045,19,2213,cpu,dependency,sync,262144,1,0,2,524288,4,1196575044,true,0.092499999999999999,,
case-0045,20,2332,cpu,dependency,sync,262144,1,0,2,524288,4,1196575044,true,0.1135,,
case-0046,1,92,cpu,dependency,async,262144,1,3,2,524288,4,1196575044,true,0.15312500000000001,0.048292000000000002,
case-0046,2,209,cpu,dependency,async,262144,1,3,2,524288,4,1196575044,true,0.16541600000000001,0.14829100000000001,
case-0046,3,328,cpu,dependency,async,262144,1,3,2,524288,4,1196575044,true,0.15745799999999999,0.065250000000000002,
case-0046,4,445,cpu,dependency,async,262144,1,3,2,524288,4,1196575044,true,0.158584,0.074207999999999996,
case-0046,5,564,cpu,dependency,async,262144,1,3,2,524288,4,1196575044,true,0.152083,0.066167000000000004,
case-0046,6,681,cpu,dependency,async,262144,1,3,2,524288,4,1196575044,true,0.151,0.070250000000000007,
case-0046,7,800,cpu,dependency,async,262144,1,3,2,524288,4,1196575044,true,0.16179099999999999,0.14166599999999999,
case-0046,8,917,cpu,dependency,async,262144,1,3,2,524288,4,1196575044,true,0.16575000000000001,0.14508299999999999,
case-0046,9,1036,cpu,dependency,async,262144,1,3,2,524288,4,1196575044,true,0.15270800000000001,0.053374999999999999,
case-0046,10,1153,cpu,dependency,async,262144,1,3,2,524288,4,1196575044,true,0.15837499999999999,0.058375000000000003,
case-0046,11,1272,cpu,dependency,async,262144,1,3,2,524288,4,1196575044,true,0.15720899999999999,0.065500000000000003,
case-0046,12,1389,cpu,dependency,async,262144,1,3,2,524288,4,1196575044,true,0.17100000000000001,0.15058299999999999,
case-0046,13,1508,cpu,dependency,async,262144,1,3,2,524288,4,1196575044,true,0.159334,0.067250000000000004,
case-0046,14,1625,cpu,dependency,async,262144,1,3,2,524288,4,1196575044,true,0.1605,0.068291000000000004,
case-0046,15,1744,cpu,dependency,async,262144,1,3,2,524288,4,1196575044,true,0.15495800000000001,0.052541999999999998,
case-0046,16,1861,cpu,dependency,async,262144,1,3,2,524288,4,1196575044,true,0.151917,0.047708,
case-0046,17,1980,cpu,dependency,async,262144,1,3,2,524288,4,1196575044,true,0.14791699999999999,0.052666999999999999,
case-0046,18,2097,cpu,dependency,async,262144,1,3,2,524288,4,1196575044,true,0.159416,0.060582999999999998,
case-0046,19,2216,cpu,dependency,async,262144,1,3,2,524288,4,1196575044,true,0.16170799999999999,0.071457999999999994,
case-0046,20,2333,cpu,dependency,async,262144,1,3,2,524288,4,1196575044,true,0.15579100000000001,0.059582999999999997,
case-0047,1,93,cpu,resident,sync,262144,1,0,1,262144,4,1196575044,true,,,0.026582999999999999
case-0047,2,212,cpu,resident,sync,262144,1,0,1,262144,4,1196575044,true,,,0.025166999999999998
case-0047,3,329,cpu,resident,sync,262144,1,0,1,262144,4,1196575044,true,,,0.026166999999999999
case-0047,4,448,cpu,resident,sync,262144,1,0,1,262144,4,1196575044,true,,,0.025083999999999999
case-0047,5,565,cpu,resident,sync,262144,1,0,1,262144,4,1196575044,true,,,0.026041000000000002
case-0047,6,684,cpu,resident,sync,262144,1,0,1,262144,4,1196575044,true,,,0.025208000000000001
case-0047,7,801,cpu,resident,sync,262144,1,0,1,262144,4,1196575044,true,,,0.026249999999999999
case-0047,8,920,cpu,resident,sync,262144,1,0,1,262144,4,1196575044,true,,,0.025666999999999999
case-0047,9,1037,cpu,resident,sync,262144,1,0,1,262144,4,1196575044,true,,,0.025874999999999999
case-0047,10,1156,cpu,resident,sync,262144,1,0,1,262144,4,1196575044,true,,,0.025375000000000002
case-0047,11,1273,cpu,resident,sync,262144,1,0,1,262144,4,1196575044,true,,,0.026291999999999999
case-0047,12,1392,cpu,resident,sync,262144,1,0,1,262144,4,1196575044,true,,,0.025208999999999999
case-0047,13,1509,cpu,resident,sync,262144,1,0,1,262144,4,1196575044,true,,,0.025916999999999999
case-0047,14,1628,cpu,resident,sync,262144,1,0,1,262144,4,1196575044,true,,,0.025166000000000001
case-0047,15,1745,cpu,resident,sync,262144,1,0,1,262144,4,1196575044,true,,,0.026207999999999999
case-0047,16,1864,cpu,resident,sync,262144,1,0,1,262144,4,1196575044,true,,,0.026709
case-0047,17,1981,cpu,resident,sync,262144,1,0,1,262144,4,1196575044,true,,,0.025957999999999998
case-0047,18,2100,cpu,resident,sync,262144,1,0,1,262144,4,1196575044,true,,,0.025208000000000001
case-0047,19,2217,cpu,resident,sync,262144,1,0,1,262144,4,1196575044,true,,,0.026166999999999999
case-0047,20,2336,cpu,resident,sync,262144,1,0,1,262144,4,1196575044,true,,,0.025375000000000002
case-0048,1,96,cpu,resident,async,262144,1,1,1,262144,4,1196575044,true,,0.001833,0.038917
case-0048,2,213,cpu,resident,async,262144,1,1,1,262144,4,1196575044,true,,0.0015,0.034750000000000003
case-0048,3,332,cpu,resident,async,262144,1,1,1,262144,4,1196575044,true,,0.001792,0.037749999999999999
case-0048,4,449,cpu,resident,async,262144,1,1,1,262144,4,1196575044,true,,0.0020839999999999999,0.035666999999999997
case-0048,5,568,cpu,resident,async,262144,1,1,1,262144,4,1196575044,true,,0.0019170000000000001,0.035999999999999997
case-0048,6,685,cpu,resident,async,262144,1,1,1,262144,4,1196575044,true,,0.0018749999999999999,0.035416999999999997
case-0048,7,804,cpu,resident,async,262144,1,1,1,262144,4,1196575044,true,,0.0013339999999999999,0.036791999999999998
case-0048,8,921,cpu,resident,async,262144,1,1,1,262144,4,1196575044,true,,0.0018749999999999999,0.039084000000000001
case-0048,9,1040,cpu,resident,async,262144,1,1,1,262144,4,1196575044,true,,0.00175,0.037749999999999999
case-0048,10,1157,cpu,resident,async,262144,1,1,1,262144,4,1196575044,true,,0.002,0.035583999999999998
case-0048,11,1276,cpu,resident,async,262144,1,1,1,262144,4,1196575044,true,,0.0020830000000000002,0.038249999999999999
case-0048,12,1393,cpu,resident,async,262144,1,1,1,262144,4,1196575044,true,,0.0020830000000000002,0.035499999999999997
case-0048,13,1512,cpu,resident,async,262144,1,1,1,262144,4,1196575044,true,,0.0018749999999999999,0.035707999999999997
case-0048,14,1629,cpu,resident,async,262144,1,1,1,262144,4,1196575044,true,,0.0019170000000000001,0.035708999999999998
case-0048,15,1748,cpu,resident,async,262144,1,1,1,262144,4,1196575044,true,,0.0017910000000000001,0.035333000000000003
case-0048,16,1865,cpu,resident,async,262144,1,1,1,262144,4,1196575044,true,,0.0019580000000000001,0.041042000000000002
case-0048,17,1984,cpu,resident,async,262144,1,1,1,262144,4,1196575044,true,,0.0025000000000000001,0.036541999999999998
case-0048,18,2101,cpu,resident,async,262144,1,1,1,262144,4,1196575044,true,,0.001792,0.035499999999999997
case-0048,19,2220,cpu,resident,async,262144,1,1,1,262144,4,1196575044,true,,0.0018749999999999999,0.035458999999999997
case-0048,20,2337,cpu,resident,async,262144,1,1,1,262144,4,1196575044,true,,0.0021250000000000002,0.035666999999999997
case-0049,1,97,cpu,single,sync,1000000,1,0,1,1000000,4,1196575044,true,0.26566699999999999,,
case-0049,2,216,cpu,single,sync,1000000,1,0,1,1000000,4,1196575044,true,0.26066699999999998,,
case-0049,3,333,cpu,single,sync,1000000,1,0,1,1000000,4,1196575044,true,0.26450000000000001,,
case-0049,4,452,cpu,single,sync,1000000,1,0,1,1000000,4,1196575044,true,0.25962499999999999,,
case-0049,5,569,cpu,single,sync,1000000,1,0,1,1000000,4,1196575044,true,0.264125,,
case-0049,6,688,cpu,single,sync,1000000,1,0,1,1000000,4,1196575044,true,0.25991700000000001,,
case-0049,7,805,cpu,single,sync,1000000,1,0,1,1000000,4,1196575044,true,0.26366600000000001,,
case-0049,8,924,cpu,single,sync,1000000,1,0,1,1000000,4,1196575044,true,0.260125,,
case-0049,9,1041,cpu,single,sync,1000000,1,0,1,1000000,4,1196575044,true,0.264459,,
case-0049,10,1160,cpu,single,sync,1000000,1,0,1,1000000,4,1196575044,true,0.25895800000000002,,
case-0049,11,1277,cpu,single,sync,1000000,1,0,1,1000000,4,1196575044,true,0.263625,,
case-0049,12,1396,cpu,single,sync,1000000,1,0,1,1000000,4,1196575044,true,0.26087500000000002,,
case-0049,13,1513,cpu,single,sync,1000000,1,0,1,1000000,4,1196575044,true,0.26316600000000001,,
case-0049,14,1632,cpu,single,sync,1000000,1,0,1,1000000,4,1196575044,true,0.25891599999999998,,
case-0049,15,1749,cpu,single,sync,1000000,1,0,1,1000000,4,1196575044,true,0.26374999999999998,,
case-0049,16,1868,cpu,single,sync,1000000,1,0,1,1000000,4,1196575044,true,0.26924999999999999,,
case-0049,17,1985,cpu,single,sync,1000000,1,0,1,1000000,4,1196575044,true,0.26537500000000003,,
case-0049,18,2104,cpu,single,sync,1000000,1,0,1,1000000,4,1196575044,true,0.26133299999999998,,
case-0049,19,2221,cpu,single,sync,1000000,1,0,1,1000000,4,1196575044,true,0.26383299999999998,,
case-0049,20,2340,cpu,single,sync,1000000,1,0,1,1000000,4,1196575044,true,0.25891700000000001,,
case-0050,1,100,cpu,single,async,1000000,1,1,1,1000000,4,1196575044,true,0.35620800000000002,0.16504199999999999,
case-0050,2,217,cpu,single,async,1000000,1,1,1,1000000,4,1196575044,true,0.38137500000000002,0.17949999999999999,
case-0050,3,336,cpu,single,async,1000000,1,1,1,1000000,4,1196575044,true,0.35125000000000001,0.16162499999999999,
case-0050,4,453,cpu,single,async,1000000,1,1,1,1000000,4,1196575044,true,0.37016700000000002,0.18083399999999999,
case-0050,5,572,cpu,single,async,1000000,1,1,1,1000000,4,1196575044,true,0.35195799999999999,0.16300000000000001,
case-0050,6,689,cpu,single,async,1000000,1,1,1,1000000,4,1196575044,true,0.39450000000000002,0.207209,
case-0050,7,808,cpu,single,async,1000000,1,1,1,1000000,4,1196575044,true,0.35229199999999999,0.16129199999999999,
case-0050,8,925,cpu,single,async,1000000,1,1,1,1000000,4,1196575044,true,0.52791699999999997,0.333625,
case-0050,9,1044,cpu,single,async,1000000,1,1,1,1000000,4,1196575044,true,0.35604200000000003,0.16445799999999999,
case-0050,10,1161,cpu,single,async,1000000,1,1,1,1000000,4,1196575044,true,0.38937500000000003,0.17116600000000001,
case-0050,11,1280,cpu,single,async,1000000,1,1,1,1000000,4,1196575044,true,0.35208299999999998,0.16170799999999999,
case-0050,12,1397,cpu,single,async,1000000,1,1,1,1000000,4,1196575044,true,0.39750000000000002,0.17166600000000001,
case-0050,13,1516,cpu,single,async,1000000,1,1,1,1000000,4,1196575044,true,0.36366599999999999,0.168958,
case-0050,14,1633,cpu,single,async,1000000,1,1,1,1000000,4,1196575044,true,0.37412499999999999,0.18762499999999999,
case-0050,15,1752,cpu,single,async,1000000,1,1,1,1000000,4,1196575044,true,0.35325000000000001,0.16408400000000001,
case-0050,16,1869,cpu,single,async,1000000,1,1,1,1000000,4,1196575044,true,0.39716699999999999,0.190084,
case-0050,17,1988,cpu,single,async,1000000,1,1,1,1000000,4,1196575044,true,0.34975000000000001,0.16500000000000001,
case-0050,18,2105,cpu,single,async,1000000,1,1,1,1000000,4,1196575044,true,0.37445899999999999,0.18179200000000001,
case-0050,19,2224,cpu,single,async,1000000,1,1,1,1000000,4,1196575044,true,0.35220800000000002,0.162416,
case-0050,20,2341,cpu,single,async,1000000,1,1,1,1000000,4,1196575044,true,0.36962499999999998,0.176708,
case-0051,1,101,cpu,streams,sync,1000000,1,0,1,1000000,4,1196575044,true,0.25962499999999999,,
case-0051,2,220,cpu,streams,sync,1000000,1,0,1,1000000,4,1196575044,true,0.25904100000000002,,
case-0051,3,337,cpu,streams,sync,1000000,1,0,1,1000000,4,1196575044,true,0.25912499999999999,,
case-0051,4,456,cpu,streams,sync,1000000,1,0,1,1000000,4,1196575044,true,0.25883299999999998,,
case-0051,5,573,cpu,streams,sync,1000000,1,0,1,1000000,4,1196575044,true,0.25983299999999998,,
case-0051,6,692,cpu,streams,sync,1000000,1,0,1,1000000,4,1196575044,true,0.25845899999999999,,
case-0051,7,809,cpu,streams,sync,1000000,1,0,1,1000000,4,1196575044,true,0.25983400000000001,,
case-0051,8,928,cpu,streams,sync,1000000,1,0,1,1000000,4,1196575044,true,0.260708,,
case-0051,9,1045,cpu,streams,sync,1000000,1,0,1,1000000,4,1196575044,true,0.25974999999999998,,
case-0051,10,1164,cpu,streams,sync,1000000,1,0,1,1000000,4,1196575044,true,0.25895800000000002,,
case-0051,11,1281,cpu,streams,sync,1000000,1,0,1,1000000,4,1196575044,true,0.26008300000000001,,
case-0051,12,1400,cpu,streams,sync,1000000,1,0,1,1000000,4,1196575044,true,0.25891599999999998,,
case-0051,13,1517,cpu,streams,sync,1000000,1,0,1,1000000,4,1196575044,true,0.25991700000000001,,
case-0051,14,1636,cpu,streams,sync,1000000,1,0,1,1000000,4,1196575044,true,0.260125,,
case-0051,15,1753,cpu,streams,sync,1000000,1,0,1,1000000,4,1196575044,true,0.25933299999999998,,
case-0051,16,1872,cpu,streams,sync,1000000,1,0,1,1000000,4,1196575044,true,0.26804099999999997,,
case-0051,17,1989,cpu,streams,sync,1000000,1,0,1,1000000,4,1196575044,true,0.25966600000000001,,
case-0051,18,2108,cpu,streams,sync,1000000,1,0,1,1000000,4,1196575044,true,0.25866699999999998,,
case-0051,19,2225,cpu,streams,sync,1000000,1,0,1,1000000,4,1196575044,true,0.25966699999999998,,
case-0051,20,2344,cpu,streams,sync,1000000,1,0,1,1000000,4,1196575044,true,0.25970900000000002,,
case-0052,1,104,cpu,streams,async,1000000,1,1,1,1000000,4,1196575044,true,0.360209,0.16608400000000001,
case-0052,2,221,cpu,streams,async,1000000,1,1,1,1000000,4,1196575044,true,0.373334,0.16858400000000001,
case-0052,3,340,cpu,streams,async,1000000,1,1,1,1000000,4,1196575044,true,0.359792,0.167458,
case-0052,4,457,cpu,streams,async,1000000,1,1,1,1000000,4,1196575044,true,0.37454199999999999,0.186,
case-0052,5,576,cpu,streams,async,1000000,1,1,1,1000000,4,1196575044,true,0.35145799999999999,0.16358300000000001,
case-0052,6,693,cpu,streams,async,1000000,1,1,1,1000000,4,1196575044,true,0.37387500000000001,0.19045799999999999,
case-0052,7,812,cpu,streams,async,1000000,1,1,1,1000000,4,1196575044,true,0.34895900000000002,0.16216700000000001,
case-0052,8,929,cpu,streams,async,1000000,1,1,1,1000000,4,1196575044,true,0.37133300000000002,0.18033299999999999,
case-0052,9,1048,cpu,streams,async,1000000,1,1,1,1000000,4,1196575044,true,0.35287499999999999,0.16329199999999999,
case-0052,10,1165,cpu,streams,async,1000000,1,1,1,1000000,4,1196575044,true,0.37225000000000003,0.16725000000000001,
case-0052,11,1284,cpu,streams,async,1000000,1,1,1,1000000,4,1196575044,true,0.35004200000000002,0.16145899999999999,
case-0052,12,1401,cpu,streams,async,1000000,1,1,1,1000000,4,1196575044,true,0.37262499999999998,0.187333,
case-0052,13,1520,cpu,streams,async,1000000,1,1,1,1000000,4,1196575044,true,0.35641699999999998,0.16391700000000001,
case-0052,14,1637,cpu,streams,async,1000000,1,1,1,1000000,4,1196575044,true,0.37475000000000003,0.19162499999999999,
case-0052,15,1756,cpu,streams,async,1000000,1,1,1,1000000,4,1196575044,true,0.34945799999999999,0.16429199999999999,
case-0052,16,1873,cpu,streams,async,1000000,1,1,1,1000000,4,1196575044,true,0.391542,0.18512500000000001,
case-0052,17,1992,cpu,streams,async,1000000,1,1,1,1000000,4,1196575044,true,0.35162500000000002,0.161833,
case-0052,18,2109,cpu,streams,async,1000000,1,1,1,1000000,4,1196575044,true,0.37570799999999999,0.168125,
case-0052,19,2228,cpu,streams,async,1000000,1,1,1,1000000,4,1196575044,true,0.35312500000000002,0.16395799999999999,
case-0052,20,2345,cpu,streams,async,1000000,1,1,1,1000000,4,1196575044,true,0.37283300000000003,0.186416,
case-0053,1,105,cpu,streams,sync,1000000,2,0,2,1000000,4,1196575044,true,0.25937500000000002,,
case-0053,2,224,cpu,streams,sync,1000000,2,0,2,1000000,4,1196575044,true,0.25845800000000002,,
case-0053,3,341,cpu,streams,sync,1000000,2,0,2,1000000,4,1196575044,true,0.25983400000000001,,
case-0053,4,460,cpu,streams,sync,1000000,2,0,2,1000000,4,1196575044,true,0.27320800000000001,,
case-0053,5,577,cpu,streams,sync,1000000,2,0,2,1000000,4,1196575044,true,0.25924999999999998,,
case-0053,6,696,cpu,streams,sync,1000000,2,0,2,1000000,4,1196575044,true,0.25841700000000001,,
case-0053,7,813,cpu,streams,sync,1000000,2,0,2,1000000,4,1196575044,true,0.25945800000000002,,
case-0053,8,932,cpu,streams,sync,1000000,2,0,2,1000000,4,1196575044,true,0.25929200000000002,,
case-0053,9,1049,cpu,streams,sync,1000000,2,0,2,1000000,4,1196575044,true,0.26974999999999999,,
case-0053,10,1168,cpu,streams,sync,1000000,2,0,2,1000000,4,1196575044,true,0.25974999999999998,,
case-0053,11,1285,cpu,streams,sync,1000000,2,0,2,1000000,4,1196575044,true,0.25920900000000002,,
case-0053,12,1404,cpu,streams,sync,1000000,2,0,2,1000000,4,1196575044,true,0.259959,,
case-0053,13,1521,cpu,streams,sync,1000000,2,0,2,1000000,4,1196575044,true,0.25929099999999999,,
case-0053,14,1640,cpu,streams,sync,1000000,2,0,2,1000000,4,1196575044,true,0.25908300000000001,,
case-0053,15,1757,cpu,streams,sync,1000000,2,0,2,1000000,4,1196575044,true,0.25924999999999998,,
case-0053,16,1876,cpu,streams,sync,1000000,2,0,2,1000000,4,1196575044,true,0.26700000000000002,,
case-0053,17,1993,cpu,streams,sync,1000000,2,0,2,1000000,4,1196575044,true,0.25879200000000002,,
case-0053,18,2112,cpu,streams,sync,1000000,2,0,2,1000000,4,1196575044,true,0.25862499999999999,,
case-0053,19,2229,cpu,streams,sync,1000000,2,0,2,1000000,4,1196575044,true,0.26020900000000002,,
case-0053,20,2348,cpu,streams,sync,1000000,2,0,2,1000000,4,1196575044,true,0.25954100000000002,,
case-0054,1,108,cpu,streams,async,1000000,2,2,2,1000000,4,1196575044,true,0.314917,0.21120900000000001,
case-0054,2,225,cpu,streams,async,1000000,2,2,2,1000000,4,1196575044,true,0.33250000000000002,0.21812500000000001,
case-0054,3,344,cpu,streams,async,1000000,2,2,2,1000000,4,1196575044,true,0.31570900000000002,0.214834,
case-0054,4,461,cpu,streams,async,1000000,2,2,2,1000000,4,1196575044,true,0.37637500000000002,0.27166699999999999,
case-0054,5,580,cpu,streams,async,1000000,2,2,2,1000000,4,1196575044,true,0.322459,0.214833,
case-0054,6,697,cpu,streams,async,1000000,2,2,2,1000000,4,1196575044,true,0.33041599999999999,0.21579100000000001,
case-0054,7,816,cpu,streams,async,1000000,2,2,2,1000000,4,1196575044,true,0.33600000000000002,0.22866700000000001,
case-0054,8,933,cpu,streams,async,1000000,2,2,2,1000000,4,1196575044,true,0.333625,0.21662500000000001,
case-0054,9,1052,cpu,streams,async,1000000,2,2,2,1000000,4,1196575044,true,0.31520900000000002,0.214417,
case-0054,10,1169,cpu,streams,async,1000000,2,2,2,1000000,4,1196575044,true,0.33241700000000002,0.21595800000000001,
case-0054,11,1288,cpu,streams,async,1000000,2,2,2,1000000,4,1196575044,true,0.316666,0.21320900000000001,
case-0054,12,1405,cpu,streams,async,1000000,2,2,2,1000000,4,1196575044,true,0.33258399999999999,0.21629200000000001,
case-0054,13,1524,cpu,streams,async,1000000,2,2,2,1000000,4,1196575044,true,0.32337500000000002,0.21145800000000001,
case-0054,14,1641,cpu,streams,async,1000000,2,2,2,1000000,4,1196575044,true,0.33741700000000002,0.22187499999999999,
case-0054,15,1760,cpu,streams,async,1000000,2,2,2,1000000,4,1196575044,true,0.32016699999999998,0.203958,
case-0054,16,1877,cpu,streams,async,1000000,2,2,2,1000000,4,1196575044,true,0.392459,0.278667,
case-0054,17,1996,cpu,streams,async,1000000,2,2,2,1000000,4,1196575044,true,0.31862499999999999,0.21562500000000001,
case-0054,18,2113,cpu,streams,async,1000000,2,2,2,1000000,4,1196575044,true,0.33183400000000002,0.217,
case-0054,19,2232,cpu,streams,async,1000000,2,2,2,1000000,4,1196575044,true,0.32529200000000003,0.208708,
case-0054,20,2349,cpu,streams,async,1000000,2,2,2,1000000,4,1196575044,true,0.33870800000000001,0.23308400000000001,
case-0055,1,109,cpu,streams,sync,1000000,4,0,4,1000000,4,1196575044,true,0.26024999999999998,,
case-0055,2,228,cpu,streams,sync,1000000,4,0,4,1000000,4,1196575044,true,0.26004100000000002,,
case-0055,3,345,cpu,streams,sync,1000000,4,0,4,1000000,4,1196575044,true,0.26041599999999998,,
case-0055,4,464,cpu,streams,sync,1000000,4,0,4,1000000,4,1196575044,true,0.25970799999999999,,
case-0055,5,581,cpu,streams,sync,1000000,4,0,4,1000000,4,1196575044,true,0.260542,,
case-0055,6,700,cpu,streams,sync,1000000,4,0,4,1000000,4,1196575044,true,0.261791,,
case-0055,7,817,cpu,streams,sync,1000000,4,0,4,1000000,4,1196575044,true,0.271125,,
case-0055,8,936,cpu,streams,sync,1000000,4,0,4,1000000,4,1196575044,true,0.25979099999999999,,
case-0055,9,1053,cpu,streams,sync,1000000,4,0,4,1000000,4,1196575044,true,0.27233400000000002,,
case-0055,10,1172,cpu,streams,sync,1000000,4,0,4,1000000,4,1196575044,true,0.25995800000000002,,
case-0055,11,1289,cpu,streams,sync,1000000,4,0,4,1000000,4,1196575044,true,0.26041700000000001,,
case-0055,12,1408,cpu,streams,sync,1000000,4,0,4,1000000,4,1196575044,true,0.26029200000000002,,
case-0055,13,1525,cpu,streams,sync,1000000,4,0,4,1000000,4,1196575044,true,0.26074999999999998,,
case-0055,14,1644,cpu,streams,sync,1000000,4,0,4,1000000,4,1196575044,true,0.25962499999999999,,
case-0055,15,1761,cpu,streams,sync,1000000,4,0,4,1000000,4,1196575044,true,0.26337500000000003,,
case-0055,16,1880,cpu,streams,sync,1000000,4,0,4,1000000,4,1196575044,true,0.27725,,
case-0055,17,1997,cpu,streams,sync,1000000,4,0,4,1000000,4,1196575044,true,0.25991700000000001,,
case-0055,18,2116,cpu,streams,sync,1000000,4,0,4,1000000,4,1196575044,true,0.25912499999999999,,
case-0055,19,2233,cpu,streams,sync,1000000,4,0,4,1000000,4,1196575044,true,0.25966699999999998,,
case-0055,20,2352,cpu,streams,sync,1000000,4,0,4,1000000,4,1196575044,true,0.27708300000000002,,
case-0056,1,112,cpu,streams,async,1000000,4,4,4,1000000,4,1196575044,true,0.31166700000000003,0.25379200000000002,
case-0056,2,229,cpu,streams,async,1000000,4,4,4,1000000,4,1196575044,true,0.30366599999999999,0.25112499999999999,
case-0056,3,348,cpu,streams,async,1000000,4,4,4,1000000,4,1196575044,true,0.34520800000000001,0.32674999999999998,
case-0056,4,465,cpu,streams,async,1000000,4,4,4,1000000,4,1196575044,true,0.31245899999999999,0.25704199999999999,
case-0056,5,584,cpu,streams,async,1000000,4,4,4,1000000,4,1196575044,true,0.31929200000000002,0.261625,
case-0056,6,701,cpu,streams,async,1000000,4,4,4,1000000,4,1196575044,true,0.308417,0.25524999999999998,
case-0056,7,820,cpu,streams,async,1000000,4,4,4,1000000,4,1196575044,true,0.388459,0.32450000000000001,
case-0056,8,937,cpu,streams,async,1000000,4,4,4,1000000,4,1196575044,true,0.30441699999999999,0.24925,
case-0056,9,1056,cpu,streams,async,1000000,4,4,4,1000000,4,1196575044,true,0.30362499999999998,0.24825,
case-0056,10,1173,cpu,streams,async,1000000,4,4,4,1000000,4,1196575044,true,0.36749999999999999,0.30962499999999998,
case-0056,11,1292,cpu,streams,async,1000000,4,4,4,1000000,4,1196575044,true,0.345667,0.278833,
case-0056,12,1409,cpu,streams,async,1000000,4,4,4,1000000,4,1196575044,true,0.37404199999999999,0.30795800000000001,
case-0056,13,1528,cpu,streams,async,1000000,4,4,4,1000000,4,1196575044,true,0.31891700000000001,0.25937500000000002,
case-0056,14,1645,cpu,streams,async,1000000,4,4,4,1000000,4,1196575044,true,0.316666,0.25808300000000001,
case-0056,15,1764,cpu,streams,async,1000000,4,4,4,1000000,4,1196575044,true,0.35725000000000001,0.29366700000000001,
case-0056,16,1881,cpu,streams,async,1000000,4,4,4,1000000,4,1196575044,true,0.38787500000000003,0.327459,
case-0056,17,2000,cpu,streams,async,1000000,4,4,4,1000000,4,1196575044,true,0.30916700000000003,0.25258399999999998,
case-0056,18,2117,cpu,streams,async,1000000,4,4,4,1000000,4,1196575044,true,0.311917,0.25974999999999998,
case-0056,19,2236,cpu,streams,async,1000000,4,4,4,1000000,4,1196575044,true,0.38550000000000001,0.33904099999999998,
case-0056,20,2353,cpu,streams,async,1000000,4,4,4,1000000,4,1196575044,true,0.31762499999999999,0.30229200000000001,
case-0057,1,113,cpu,dependency,sync,1000000,1,0,2,2000000,4,1196575044,true,0.35349999999999998,,
case-0057,2,232,cpu,dependency,sync,1000000,1,0,2,2000000,4,1196575044,true,0.35287499999999999,,
case-0057,3,349,cpu,dependency,sync,1000000,1,0,2,2000000,4,1196575044,true,0.35345799999999999,,
case-0057,4,468,cpu,dependency,sync,1000000,1,0,2,2000000,4,1196575044,true,0.35349999999999998,,
case-0057,5,585,cpu,dependency,sync,1000000,1,0,2,2000000,4,1196575044,true,0.35941699999999999,,
case-0057,6,704,cpu,dependency,sync,1000000,1,0,2,2000000,4,1196575044,true,0.35087499999999999,,
case-0057,7,821,cpu,dependency,sync,1000000,1,0,2,2000000,4,1196575044,true,0.35654200000000003,,
case-0057,8,940,cpu,dependency,sync,1000000,1,0,2,2000000,4,1196575044,true,0.35187499999999999,,
case-0057,9,1057,cpu,dependency,sync,1000000,1,0,2,2000000,4,1196575044,true,0.35304200000000002,,
case-0057,10,1176,cpu,dependency,sync,1000000,1,0,2,2000000,4,1196575044,true,0.35208400000000001,,
case-0057,11,1293,cpu,dependency,sync,1000000,1,0,2,2000000,4,1196575044,true,0.35225000000000001,,
case-0057,12,1412,cpu,dependency,sync,1000000,1,0,2,2000000,4,1196575044,true,0.35191699999999998,,
case-0057,13,1529,cpu,dependency,sync,1000000,1,0,2,2000000,4,1196575044,true,0.35225000000000001,,
case-0057,14,1648,cpu,dependency,sync,1000000,1,0,2,2000000,4,1196575044,true,0.35258299999999998,,
case-0057,15,1765,cpu,dependency,sync,1000000,1,0,2,2000000,4,1196575044,true,0.35362500000000002,,
case-0057,16,1884,cpu,dependency,sync,1000000,1,0,2,2000000,4,1196575044,true,0.36499999999999999,,
case-0057,17,2001,cpu,dependency,sync,1000000,1,0,2,2000000,4,1196575044,true,0.35299999999999998,,
case-0057,18,2120,cpu,dependency,sync,1000000,1,0,2,2000000,4,1196575044,true,0.35291600000000001,,
case-0057,19,2237,cpu,dependency,sync,1000000,1,0,2,2000000,4,1196575044,true,0.35220899999999999,,
case-0057,20,2356,cpu,dependency,sync,1000000,1,0,2,2000000,4,1196575044,true,0.35220899999999999,,
case-0058,1,116,cpu,dependency,async,1000000,1,3,2,2000000,4,1196575044,true,0.47620800000000002,0.172542,
case-0058,2,233,cpu,dependency,async,1000000,1,3,2,2000000,4,1196575044,true,0.51112500000000005,0.28299999999999997,
case-0058,3,352,cpu,dependency,async,1000000,1,3,2,2000000,4,1196575044,true,0.479375,0.176125,
case-0058,4,469,cpu,dependency,async,1000000,1,3,2,2000000,4,1196575044,true,0.51229199999999997,0.28362500000000002,
case-0058,5,588,cpu,dependency,async,1000000,1,3,2,2000000,4,1196575044,true,0.47054200000000002,0.175125,
case-0058,6,705,cpu,dependency,async,1000000,1,3,2,2000000,4,1196575044,true,0.51254200000000005,0.20125000000000001,
case-0058,7,824,cpu,dependency,async,1000000,1,3,2,2000000,4,1196575044,true,0.48966700000000002,0.17983299999999999,
case-0058,8,941,cpu,dependency,async,1000000,1,3,2,2000000,4,1196575044,true,0.49358299999999999,0.19575000000000001,
case-0058,9,1060,cpu,dependency,async,1000000,1,3,2,2000000,4,1196575044,true,0.47912500000000002,0.17683299999999999,
case-0058,10,1177,cpu,dependency,async,1000000,1,3,2,2000000,4,1196575044,true,0.50737500000000002,0.20791599999999999,
case-0058,11,1296,cpu,dependency,async,1000000,1,3,2,2000000,4,1196575044,true,0.48012500000000002,0.176292,
case-0058,12,1413,cpu,dependency,async,1000000,1,3,2,2000000,4,1196575044,true,0.49058299999999999,0.19629199999999999,
case-0058,13,1532,cpu,dependency,async,1000000,1,3,2,2000000,4,1196575044,true,0.47329199999999999,0.16112499999999999,
case-0058,14,1649,cpu,dependency,async,1000000,1,3,2,2000000,4,1196575044,true,0.49129200000000001,0.20000000000000001,
case-0058,15,1768,cpu,dependency,async,1000000,1,3,2,2000000,4,1196575044,true,0.48091699999999998,0.17399999999999999,
case-0058,16,1885,cpu,dependency,async,1000000,1,3,2,2000000,4,1196575044,true,0.51487499999999997,0.19104199999999999,
case-0058,17,2004,cpu,dependency,async,1000000,1,3,2,2000000,4,1196575044,true,0.47616599999999998,0.17224999999999999,
case-0058,18,2121,cpu,dependency,async,1000000,1,3,2,2000000,4,1196575044,true,0.49312499999999998,0.19883400000000001,
case-0058,19,2240,cpu,dependency,async,1000000,1,3,2,2000000,4,1196575044,true,0.47941699999999998,0.172958,
case-0058,20,2357,cpu,dependency,async,1000000,1,3,2,2000000,4,1196575044,true,0.49412499999999998,0.19587499999999999,
case-0059,1,117,cpu,resident,sync,1000000,1,0,1,1000000,4,1196575044,true,,,0.093875
case-0059,2,236,cpu,resident,sync,1000000,1,0,1,1000000,4,1196575044,true,,,0.092083999999999999
case-0059,3,353,cpu,resident,sync,1000000,1,0,1,1000000,4,1196575044,true,,,0.093209
case-0059,4,472,cpu,resident,sync,1000000,1,0,1,1000000,4,1196575044,true,,,0.092040999999999998
case-0059,5,589,cpu,resident,sync,1000000,1,0,1,1000000,4,1196575044,true,,,0.09375
case-0059,6,708,cpu,resident,sync,1000000,1,0,1,1000000,4,1196575044,true,,,0.091749999999999998
case-0059,7,825,cpu,resident,sync,1000000,1,0,1,1000000,4,1196575044,true,,,0.096209000000000003
case-0059,8,944,cpu,resident,sync,1000000,1,0,1,1000000,4,1196575044,true,,,0.091999999999999998
case-0059,9,1061,cpu,resident,sync,1000000,1,0,1,1000000,4,1196575044,true,,,0.093917
case-0059,10,1180,cpu,resident,sync,1000000,1,0,1,1000000,4,1196575044,true,,,0.092166999999999999
case-0059,11,1297,cpu,resident,sync,1000000,1,0,1,1000000,4,1196575044,true,,,0.093625
case-0059,12,1416,cpu,resident,sync,1000000,1,0,1,1000000,4,1196575044,true,,,0.091874999999999998
case-0059,13,1533,cpu,resident,sync,1000000,1,0,1,1000000,4,1196575044,true,,,0.0935
case-0059,14,1652,cpu,resident,sync,1000000,1,0,1,1000000,4,1196575044,true,,,0.092291999999999999
case-0059,15,1769,cpu,resident,sync,1000000,1,0,1,1000000,4,1196575044,true,,,0.093583
case-0059,16,1888,cpu,resident,sync,1000000,1,0,1,1000000,4,1196575044,true,,,0.097209000000000004
case-0059,17,2005,cpu,resident,sync,1000000,1,0,1,1000000,4,1196575044,true,,,0.093833
case-0059,18,2124,cpu,resident,sync,1000000,1,0,1,1000000,4,1196575044,true,,,0.094959000000000002
case-0059,19,2241,cpu,resident,sync,1000000,1,0,1,1000000,4,1196575044,true,,,0.093875
case-0059,20,2360,cpu,resident,sync,1000000,1,0,1,1000000,4,1196575044,true,,,0.092333999999999999
case-0060,1,120,cpu,resident,async,1000000,1,1,1,1000000,4,1196575044,true,,0.0025000000000000001,0.15775
case-0060,2,237,cpu,resident,async,1000000,1,1,1,1000000,4,1196575044,true,,0.0025829999999999998,0.105083
case-0060,3,356,cpu,resident,async,1000000,1,1,1,1000000,4,1196575044,true,,0.002333,0.105667
case-0060,4,473,cpu,resident,async,1000000,1,1,1,1000000,4,1196575044,true,,0.0026670000000000001,0.104917
case-0060,5,592,cpu,resident,async,1000000,1,1,1,1000000,4,1196575044,true,,0.0022910000000000001,0.106375
case-0060,6,709,cpu,resident,async,1000000,1,1,1,1000000,4,1196575044,true,,0.0027499999999999998,0.106083
case-0060,7,828,cpu,resident,async,1000000,1,1,1,1000000,4,1196575044,true,,0.0021250000000000002,0.11816599999999999
case-0060,8,945,cpu,resident,async,1000000,1,1,1,1000000,4,1196575044,true,,0.0025409999999999999,0.10475
case-0060,9,1064,cpu,resident,async,1000000,1,1,1,1000000,4,1196575044,true,,0.0028340000000000001,0.105
case-0060,10,1181,cpu,resident,async,1000000,1,1,1,1000000,4,1196575044,true,,0.0027920000000000002,0.104375
case-0060,11,1300,cpu,resident,async,1000000,1,1,1,1000000,4,1196575044,true,,0.0022499999999999998,0.1055
case-0060,12,1417,cpu,resident,async,1000000,1,1,1,1000000,4,1196575044,true,,0.0025000000000000001,0.104625
case-0060,13,1536,cpu,resident,async,1000000,1,1,1,1000000,4,1196575044,true,,0.0026250000000000002,0.106541
case-0060,14,1653,cpu,resident,async,1000000,1,1,1,1000000,4,1196575044,true,,0.0024580000000000001,0.105666
case-0060,15,1772,cpu,resident,async,1000000,1,1,1,1000000,4,1196575044,true,,0.0021670000000000001,0.105292
case-0060,16,1889,cpu,resident,async,1000000,1,1,1,1000000,4,1196575044,true,,0.002542,0.114125
case-0060,17,2008,cpu,resident,async,1000000,1,1,1,1000000,4,1196575044,true,,0.0023749999999999999,0.106292
case-0060,18,2125,cpu,resident,async,1000000,1,1,1,1000000,4,1196575044,true,,0.0023749999999999999,0.103792
case-0060,19,2244,cpu,resident,async,1000000,1,1,1,1000000,4,1196575044,true,,0.0023749999999999999,0.106083
case-0060,20,2361,cpu,resident,async,1000000,1,1,1,1000000,4,1196575044,true,,0.0024160000000000002,0.107166
case-0061,1,2,metal,single,sync,256,1,0,1,256,4,1196575044,true,0.15029200000000001,,
case-0061,2,239,metal,single,sync,256,1,0,1,256,4,1196575044,true,0.18620800000000001,,
case-0061,3,358,metal,single,sync,256,1,0,1,256,4,1196575044,true,0.16316600000000001,,
case-0061,4,475,metal,single,sync,256,1,0,1,256,4,1196575044,true,0.14641599999999999,,
case-0061,5,594,metal,single,sync,256,1,0,1,256,4,1196575044,true,0.15770799999999999,,
case-0061,6,711,metal,single,sync,256,1,0,1,256,4,1196575044,true,0.15295800000000001,,
case-0061,7,830,metal,single,sync,256,1,0,1,256,4,1196575044,true,0.22254199999999999,,
case-0061,8,947,metal,single,sync,256,1,0,1,256,4,1196575044,true,0.14266699999999999,,
case-0061,9,1066,metal,single,sync,256,1,0,1,256,4,1196575044,true,0.18062500000000001,,
case-0061,10,1183,metal,single,sync,256,1,0,1,256,4,1196575044,true,0.15679199999999999,,
case-0061,11,1302,metal,single,sync,256,1,0,1,256,4,1196575044,true,0.15320900000000001,,
case-0061,12,1419,metal,single,sync,256,1,0,1,256,4,1196575044,true,0.14166699999999999,,
case-0061,13,1538,metal,single,sync,256,1,0,1,256,4,1196575044,true,0.158083,,
case-0061,14,1655,metal,single,sync,256,1,0,1,256,4,1196575044,true,0.14745900000000001,,
case-0061,15,1774,metal,single,sync,256,1,0,1,256,4,1196575044,true,0.174792,,
case-0061,16,1891,metal,single,sync,256,1,0,1,256,4,1196575044,true,0.15645800000000001,,
case-0061,17,2010,metal,single,sync,256,1,0,1,256,4,1196575044,true,0.174291,,
case-0061,18,2127,metal,single,sync,256,1,0,1,256,4,1196575044,true,0.19495799999999999,,
case-0061,19,2246,metal,single,sync,256,1,0,1,256,4,1196575044,true,0.15379100000000001,,
case-0061,20,2363,metal,single,sync,256,1,0,1,256,4,1196575044,true,0.14862500000000001,,
case-0062,1,3,metal,single,async,256,1,1,1,256,4,1196575044,true,0.15579200000000001,0.0042500000000000003,
case-0062,2,122,metal,single,async,256,1,1,1,256,4,1196575044,true,0.169542,0.0043750000000000004,
case-0062,3,359,metal,single,async,256,1,1,1,256,4,1196575044,true,0.14233399999999999,0.0027499999999999998,
case-0062,4,478,metal,single,async,256,1,1,1,256,4,1196575044,true,0.16362499999999999,0.0032919999999999998,
case-0062,5,595,metal,single,async,256,1,1,1,256,4,1196575044,true,0.14174999999999999,0.0024580000000000001,
case-0062,6,714,metal,single,async,256,1,1,1,256,4,1196575044,true,0.14787500000000001,0.003375,
case-0062,7,831,metal,single,async,256,1,1,1,256,4,1196575044,true,0.157417,0.0036250000000000002,
case-0062,8,950,metal,single,async,256,1,1,1,256,4,1196575044,true,0.18054200000000001,0.004333,
case-0062,9,1067,metal,single,async,256,1,1,1,256,4,1196575044,true,0.17658299999999999,0.0025000000000000001,
case-0062,10,1186,metal,single,async,256,1,1,1,256,4,1196575044,true,0.1555,0.004084,
case-0062,11,1303,metal,single,async,256,1,1,1,256,4,1196575044,true,0.14654200000000001,0.002333,
case-0062,12,1422,metal,single,async,256,1,1,1,256,4,1196575044,true,0.16379199999999999,0.0034169999999999999,
case-0062,13,1539,metal,single,async,256,1,1,1,256,4,1196575044,true,0.18079100000000001,0.0027499999999999998,
case-0062,14,1658,metal,single,async,256,1,1,1,256,4,1196575044,true,0.16179099999999999,0.0030409999999999999,
case-0062,15,1775,metal,single,async,256,1,1,1,256,4,1196575044,true,0.17533399999999999,0.0027920000000000002,
case-0062,16,1894,metal,single,async,256,1,1,1,256,4,1196575044,true,0.18504200000000001,0.002542,
case-0062,17,2011,metal,single,async,256,1,1,1,256,4,1196575044,true,0.158666,0.0024589999999999998,
case-0062,18,2130,metal,single,async,256,1,1,1,256,4,1196575044,true,0.173541,0.003375,
case-0062,19,2247,metal,single,async,256,1,1,1,256,4,1196575044,true,0.17666699999999999,0.0025829999999999998,
case-0062,20,2366,metal,single,async,256,1,1,1,256,4,1196575044,true,0.155834,0.005084,
case-0063,1,6,metal,streams,sync,256,1,0,1,256,4,1196575044,true,0.12812499999999999,,
case-0063,2,123,metal,streams,sync,256,1,0,1,256,4,1196575044,true,0.156333,,
case-0063,3,242,metal,streams,sync,256,1,0,1,256,4,1196575044,true,0.13258400000000001,,
case-0063,4,479,metal,streams,sync,256,1,0,1,256,4,1196575044,true,0.145458,,
case-0063,5,598,metal,streams,sync,256,1,0,1,256,4,1196575044,true,0.13966600000000001,,
case-0063,6,715,metal,streams,sync,256,1,0,1,256,4,1196575044,true,0.141042,,
case-0063,7,834,metal,streams,sync,256,1,0,1,256,4,1196575044,true,0.16916700000000001,,
case-0063,8,951,metal,streams,sync,256,1,0,1,256,4,1196575044,true,0.135375,,
case-0063,9,1070,metal,streams,sync,256,1,0,1,256,4,1196575044,true,0.14441599999999999,,
case-0063,10,1187,metal,streams,sync,256,1,0,1,256,4,1196575044,true,0.13708400000000001,,
case-0063,11,1306,metal,streams,sync,256,1,0,1,256,4,1196575044,true,0.16,,
case-0063,12,1423,metal,streams,sync,256,1,0,1,256,4,1196575044,true,0.137375,,
case-0063,13,1542,metal,streams,sync,256,1,0,1,256,4,1196575044,true,0.16841700000000001,,
case-0063,14,1659,metal,streams,sync,256,1,0,1,256,4,1196575044,true,0.174042,,
case-0063,15,1778,metal,streams,sync,256,1,0,1,256,4,1196575044,true,0.14983299999999999,,
case-0063,16,1895,metal,streams,sync,256,1,0,1,256,4,1196575044,true,0.16054199999999999,,
case-0063,17,2014,metal,streams,sync,256,1,0,1,256,4,1196575044,true,0.25945800000000002,,
case-0063,18,2131,metal,streams,sync,256,1,0,1,256,4,1196575044,true,0.139875,,
case-0063,19,2250,metal,streams,sync,256,1,0,1,256,4,1196575044,true,0.159416,,
case-0063,20,2367,metal,streams,sync,256,1,0,1,256,4,1196575044,true,0.15545800000000001,,
case-0064,1,7,metal,streams,async,256,1,1,1,256,4,1196575044,true,0.14829200000000001,0.0016249999999999999,
case-0064,2,126,metal,streams,async,256,1,1,1,256,4,1196575044,true,0.13666700000000001,0.0032919999999999998,
case-0064,3,243,metal,streams,async,256,1,1,1,256,4,1196575044,true,0.19079199999999999,0.0025839999999999999,
case-0064,4,362,metal,streams,async,256,1,1,1,256,4,1196575044,true,0.22829099999999999,0.003333,
case-0064,5,599,metal,streams,async,256,1,1,1,256,4,1196575044,true,0.17000000000000001,0.0017910000000000001,
case-0064,6,718,metal,streams,async,256,1,1,1,256,4,1196575044,true,0.18079200000000001,0.0034580000000000001,
case-0064,7,835,metal,streams,async,256,1,1,1,256,4,1196575044,true,0.22745799999999999,0.0020830000000000002,
case-0064,8,954,metal,streams,async,256,1,1,1,256,4,1196575044,true,0.17791599999999999,0.003375,
case-0064,9,1071,metal,streams,async,256,1,1,1,256,4,1196575044,true,0.152083,0.001833,
case-0064,10,1190,metal,streams,async,256,1,1,1,256,4,1196575044,true,0.14795800000000001,0.003375,
case-0064,11,1307,metal,streams,async,256,1,1,1,256,4,1196575044,true,0.16404199999999999,0.0018749999999999999,
case-0064,12,1426,metal,streams,async,256,1,1,1,256,4,1196575044,true,0.16183400000000001,0.0034169999999999999,
case-0064,13,1543,metal,streams,async,256,1,1,1,256,4,1196575044,true,0.17729200000000001,0.001833,
case-0064,14,1662,metal,streams,async,256,1,1,1,256,4,1196575044,true,0.16200000000000001,0.003375,
case-0064,15,1779,metal,streams,async,256,1,1,1,256,4,1196575044,true,0.17866699999999999,0.0019589999999999998,
case-0064,16,1898,metal,streams,async,256,1,1,1,256,4,1196575044,true,0.206041,0.0051250000000000002,
case-0064,17,2015,metal,streams,async,256,1,1,1,256,4,1196575044,true,0.16750000000000001,0.002042,
case-0064,18,2134,metal,streams,async,256,1,1,1,256,4,1196575044,true,0.17824999999999999,0.003666,
case-0064,19,2251,metal,streams,async,256,1,1,1,256,4,1196575044,true,0.15329100000000001,0.0019589999999999998,
case-0064,20,2370,metal,streams,async,256,1,1,1,256,4,1196575044,true,0.17624999999999999,0.0034169999999999999,
case-0065,1,10,metal,streams,sync,256,2,0,2,256,4,1196575044,true,0.35870800000000003,,
case-0065,2,127,metal,streams,sync,256,2,0,2,256,4,1196575044,true,0.28899999999999998,,
case-0065,3,246,metal,streams,sync,256,2,0,2,256,4,1196575044,true,0.30962499999999998,,
case-0065,4,363,metal,streams,sync,256,2,0,2,256,4,1196575044,true,0.26783299999999999,,
case-0065,5,482,metal,streams,sync,256,2,0,2,256,4,1196575044,true,0.31062499999999998,,
case-0065,6,719,metal,streams,sync,256,2,0,2,256,4,1196575044,true,0.32558300000000001,,
case-0065,7,838,metal,streams,sync,256,2,0,2,256,4,1196575044,true,0.29333300000000001,,
case-0065,8,955,metal,streams,sync,256,2,0,2,256,4,1196575044,true,0.32070799999999999,,
case-0065,9,1074,metal,streams,sync,256,2,0,2,256,4,1196575044,true,0.30745800000000001,,
case-0065,10,1191,metal,streams,sync,256,2,0,2,256,4,1196575044,true,0.33466699999999999,,
case-0065,11,1310,metal,streams,sync,256,2,0,2,256,4,1196575044,true,0.31874999999999998,,
case-0065,12,1427,metal,streams,sync,256,2,0,2,256,4,1196575044,true,0.28770899999999999,,
case-0065,13,1546,metal,streams,sync,256,2,0,2,256,4,1196575044,true,0.33695799999999998,,
case-0065,14,1663,metal,streams,sync,256,2,0,2,256,4,1196575044,true,0.29520800000000003,,
case-0065,15,1782,metal,streams,sync,256,2,0,2,256,4,1196575044,true,0.295792,,
case-0065,16,1899,metal,streams,sync,256,2,0,2,256,4,1196575044,true,0.30820799999999998,,
case-0065,17,2018,metal,streams,sync,256,2,0,2,256,4,1196575044,true,0.33350000000000002,,
case-0065,18,2135,metal,streams,sync,256,2,0,2,256,4,1196575044,true,0.35141699999999998,,
case-0065,19,2254,metal,streams,sync,256,2,0,2,256,4,1196575044,true,0.30208299999999999,,
case-0065,20,2371,metal,streams,sync,256,2,0,2,256,4,1196575044,true,0.29491699999999998,,
case-0066,1,11,metal,streams,async,256,2,2,2,256,4,1196575044,true,0.17516699999999999,0.0027499999999999998,
case-0066,2,130,metal,streams,async,256,2,2,2,256,4,1196575044,true,0.16175,0.032375000000000001,
case-0066,3,247,metal,streams,async,256,2,2,2,256,4,1196575044,true,0.19029099999999999,0.0029580000000000001,
case-0066,4,366,metal,streams,async,256,2,2,2,256,4,1196575044,true,0.15645800000000001,0.013708,
case-0066,5,483,metal,streams,async,256,2,2,2,256,4,1196575044,true,0.18041599999999999,0.0034589999999999998,
case-0066,6,602,metal,streams,async,256,2,2,2,256,4,1196575044,true,0.18270800000000001,0.034708999999999997,
case-0066,7,839,metal,streams,async,256,2,2,2,256,4,1196575044,true,0.168708,0.0032079999999999999,
case-0066,8,958,metal,streams,async,256,2,2,2,256,4,1196575044,true,0.17508299999999999,0.016833000000000001,
case-0066,9,1075,metal,streams,async,256,2,2,2,256,4,1196575044,true,0.199625,0.0032079999999999999,
case-0066,10,1194,metal,streams,async,256,2,2,2,256,4,1196575044,true,0.16495899999999999,0.027833,
case-0066,11,1311,metal,streams,async,256,2,2,2,256,4,1196575044,true,0.193,0.0031670000000000001,
case-0066,12,1430,metal,streams,async,256,2,2,2,256,4,1196575044,true,0.19495899999999999,0.021957999999999998,
case-0066,13,1547,metal,streams,async,256,2,2,2,256,4,1196575044,true,0.17050000000000001,0.0029589999999999998,
case-0066,14,1666,metal,streams,async,256,2,2,2,256,4,1196575044,true,0.168208,0.005875,
case-0066,15,1783,metal,streams,async,256,2,2,2,256,4,1196575044,true,0.21008399999999999,0.0032499999999999999,
case-0066,16,1902,metal,streams,async,256,2,2,2,256,4,1196575044,true,0.19583300000000001,0.027208,
case-0066,17,2019,metal,streams,async,256,2,2,2,256,4,1196575044,true,0.25420799999999999,0.002875,
case-0066,18,2138,metal,streams,async,256,2,2,2,256,4,1196575044,true,0.167375,0.024625000000000001,
case-0066,19,2255,metal,streams,async,256,2,2,2,256,4,1196575044,true,0.202542,0.0032079999999999999,
case-0066,20,2374,metal,streams,async,256,2,2,2,256,4,1196575044,true,0.172791,0.003375,
case-0067,1,14,metal,streams,sync,256,4,0,4,256,4,1196575044,true,0.62895800000000002,,
case-0067,2,131,metal,streams,sync,256,4,0,4,256,4,1196575044,true,0.58325000000000005,,
case-0067,3,250,metal,streams,sync,256,4,0,4,256,4,1196575044,true,0.62333300000000003,,
case-0067,4,367,metal,streams,sync,256,4,0,4,256,4,1196575044,true,0.60558299999999998,,
case-0067,5,486,metal,streams,sync,256,4,0,4,256,4,1196575044,true,0.64920800000000001,,
case-0067,6,603,metal,streams,sync,256,4,0,4,256,4,1196575044,true,0.56062500000000004,,
case-0067,7,722,metal,streams,sync,256,4,0,4,256,4,1196575044,true,0.58366600000000002,,
case-0067,8,959,metal,streams,sync,256,4,0,4,256,4,1196575044,true,0.60316700000000001,,
case-0067,9,1078,metal,streams,sync,256,4,0,4,256,4,1196575044,true,0.55416600000000005,,
case-0067,10,1195,metal,streams,sync,256,4,0,4,256,4,1196575044,true,0.74662499999999998,,
case-0067,11,1314,metal,streams,sync,256,4,0,4,256,4,1196575044,true,0.55274999999999996,,
case-0067,12,1431,metal,streams,sync,256,4,0,4,256,4,1196575044,true,0.58854200000000001,,
case-0067,13,1550,metal,streams,sync,256,4,0,4,256,4,1196575044,true,0.654667,,
case-0067,14,1667,metal,streams,sync,256,4,0,4,256,4,1196575044,true,0.58858299999999997,,
case-0067,15,1786,metal,streams,sync,256,4,0,4,256,4,1196575044,true,0.61304199999999998,,
case-0067,16,1903,metal,streams,sync,256,4,0,4,256,4,1196575044,true,0.66758399999999996,,
case-0067,17,2022,metal,streams,sync,256,4,0,4,256,4,1196575044,true,0.60412500000000002,,
case-0067,18,2139,metal,streams,sync,256,4,0,4,256,4,1196575044,true,0.56912499999999999,,
case-0067,19,2258,metal,streams,sync,256,4,0,4,256,4,1196575044,true,0.61666699999999997,,
case-0067,20,2375,metal,streams,sync,256,4,0,4,256,4,1196575044,true,0.60070800000000002,,
case-0068,1,15,metal,streams,async,256,4,4,4,256,4,1196575044,true,0.216417,0.0385,
case-0068,2,134,metal,streams,async,256,4,4,4,256,4,1196575044,true,0.239958,0.0054580000000000002,
case-0068,3,251,metal,streams,async,256,4,4,4,256,4,1196575044,true,0.21675,0.016208,
case-0068,4,370,metal,streams,async,256,4,4,4,256,4,1196575044,true,0.18037500000000001,0.0044999999999999997,
case-0068,5,487,metal,streams,async,256,4,4,4,256,4,1196575044,true,0.19533300000000001,0.043291999999999997,
case-0068,6,606,metal,streams,async,256,4,4,4,256,4,1196575044,true,0.202208,0.024083,
case-0068,7,723,metal,streams,async,256,4,4,4,256,4,1196575044,true,0.24995800000000001,0.039834000000000001,
case-0068,8,842,metal,streams,async,256,4,4,4,256,4,1196575044,true,0.187,0.0048329999999999996,
case-0068,9,1079,metal,streams,async,256,4,4,4,256,4,1196575044,true,0.239708,0.0060000000000000001,
case-0068,10,1198,metal,streams,async,256,4,4,4,256,4,1196575044,true,0.19433400000000001,0.041959000000000003,
case-0068,11,1315,metal,streams,async,256,4,4,4,256,4,1196575044,true,0.23116700000000001,0.038875,
case-0068,12,1434,metal,streams,async,256,4,4,4,256,4,1196575044,true,0.18129100000000001,0.038334,
case-0068,13,1551,metal,streams,async,256,4,4,4,256,4,1196575044,true,0.19575000000000001,0.079417000000000001,
case-0068,14,1670,metal,streams,async,256,4,4,4,256,4,1196575044,true,0.229125,0.049541000000000002,
case-0068,15,1787,metal,streams,async,256,4,4,4,256,4,1196575044,true,0.219333,0.021958999999999999,
case-0068,16,1906,metal,streams,async,256,4,4,4,256,4,1196575044,true,0.25216699999999997,0.0058329999999999996,
case-0068,17,2023,metal,streams,async,256,4,4,4,256,4,1196575044,true,0.19275,0.017208000000000001,
case-0068,18,2142,metal,streams,async,256,4,4,4,256,4,1196575044,true,0.216083,0.034250000000000003,
case-0068,19,2259,metal,streams,async,256,4,4,4,256,4,1196575044,true,0.21141599999999999,0.030665999999999999,
case-0068,20,2378,metal,streams,async,256,4,4,4,256,4,1196575044,true,0.19950000000000001,0.050958000000000003,
case-0069,1,18,metal,dependency,sync,256,1,0,2,512,4,1196575044,true,0.27533299999999999,,
case-0069,2,135,metal,dependency,sync,256,1,0,2,512,4,1196575044,true,0.36675000000000002,,
case-0069,3,254,metal,dependency,sync,256,1,0,2,512,4,1196575044,true,0.30420900000000001,,
case-0069,4,371,metal,dependency,sync,256,1,0,2,512,4,1196575044,true,0.28187499999999999,,
case-0069,5,490,metal,dependency,sync,256,1,0,2,512,4,1196575044,true,0.32358300000000001,,
case-0069,6,607,metal,dependency,sync,256,1,0,2,512,4,1196575044,true,0.26766699999999999,,
case-0069,7,726,metal,dependency,sync,256,1,0,2,512,4,1196575044,true,0.29908299999999999,,
case-0069,8,843,metal,dependency,sync,256,1,0,2,512,4,1196575044,true,0.49229099999999998,,
case-0069,9,962,metal,dependency,sync,256,1,0,2,512,4,1196575044,true,0.33758300000000002,,
case-0069,10,1199,metal,dependency,sync,256,1,0,2,512,4,1196575044,true,0.281084,,
case-0069,11,1318,metal,dependency,sync,256,1,0,2,512,4,1196575044,true,0.28708299999999998,,
case-0069,12,1435,metal,dependency,sync,256,1,0,2,512,4,1196575044,true,0.33570800000000001,,
case-0069,13,1554,metal,dependency,sync,256,1,0,2,512,4,1196575044,true,0.30012499999999998,,
case-0069,14,1671,metal,dependency,sync,256,1,0,2,512,4,1196575044,true,0.30216599999999999,,
case-0069,15,1790,metal,dependency,sync,256,1,0,2,512,4,1196575044,true,0.27379199999999998,,
case-0069,16,1907,metal,dependency,sync,256,1,0,2,512,4,1196575044,true,0.31129200000000001,,
case-0069,17,2026,metal,dependency,sync,256,1,0,2,512,4,1196575044,true,0.29616700000000001,,
case-0069,18,2143,metal,dependency,sync,256,1,0,2,512,4,1196575044,true,0.281584,,
case-0069,19,2262,metal,dependency,sync,256,1,0,2,512,4,1196575044,true,0.29966700000000002,,
case-0069,20,2379,metal,dependency,sync,256,1,0,2,512,4,1196575044,true,0.285416,,
case-0070,1,19,metal,dependency,async,256,1,3,2,512,4,1196575044,true,0.358292,0.0078340000000000007,
case-0070,2,138,metal,dependency,async,256,1,3,2,512,4,1196575044,true,0.362541,0.030332999999999999,
case-0070,3,255,metal,dependency,async,256,1,3,2,512,4,1196575044,true,0.33166699999999999,0.0059579999999999998,
case-0070,4,374,metal,dependency,async,256,1,3,2,512,4,1196575044,true,0.34504099999999999,0.025250000000000002,
case-0070,5,491,metal,dependency,async,256,1,3,2,512,4,1196575044,true,0.33683299999999999,0.0054999999999999997,
case-0070,6,610,metal,dependency,async,256,1,3,2,512,4,1196575044,true,0.344333,0.022082999999999998,
case-0070,7,727,metal,dependency,async,256,1,3,2,512,4,1196575044,true,0.34629100000000002,0.0050000000000000001,
case-0070,8,846,metal,dependency,async,256,1,3,2,512,4,1196575044,true,0.32937499999999997,0.0091249999999999994,
case-0070,9,963,metal,dependency,async,256,1,3,2,512,4,1196575044,true,0.46733400000000003,0.0085830000000000004,
case-0070,10,1082,metal,dependency,async,256,1,3,2,512,4,1196575044,true,0.29995899999999998,0.010749999999999999,
case-0070,11,1319,metal,dependency,async,256,1,3,2,512,4,1196575044,true,0.29175000000000001,0.0056249999999999998,
case-0070,12,1438,metal,dependency,async,256,1,3,2,512,4,1196575044,true,0.35862500000000003,0.021291999999999998,
case-0070,13,1555,metal,dependency,async,256,1,3,2,512,4,1196575044,true,0.36225000000000002,0.0084169999999999991,
case-0070,14,1674,metal,dependency,async,256,1,3,2,512,4,1196575044,true,0.31879200000000002,0.025499999999999998,
case-0070,15,1791,metal,dependency,async,256,1,3,2,512,4,1196575044,true,0.33400000000000002,0.0050829999999999998,
case-0070,16,1910,metal,dependency,async,256,1,3,2,512,4,1196575044,true,0.328708,0.048209000000000002,
case-0070,17,2027,metal,dependency,async,256,1,3,2,512,4,1196575044,true,0.35187499999999999,0.008208,
case-0070,18,2146,metal,dependency,async,256,1,3,2,512,4,1196575044,true,0.29775000000000001,0.0078750000000000001,
case-0070,19,2263,metal,dependency,async,256,1,3,2,512,4,1196575044,true,0.35145799999999999,0.0050000000000000001,
case-0070,20,2382,metal,dependency,async,256,1,3,2,512,4,1196575044,true,0.32400000000000001,0.0053330000000000001,
case-0071,1,22,metal,resident,sync,256,1,0,1,256,4,1196575044,true,,,0.144291
case-0071,2,139,metal,resident,sync,256,1,0,1,256,4,1196575044,true,,,0.12612499999999999
case-0071,3,258,metal,resident,sync,256,1,0,1,256,4,1196575044,true,,,0.13783400000000001
case-0071,4,375,metal,resident,sync,256,1,0,1,256,4,1196575044,true,,,0.15120900000000001
case-0071,5,494,metal,resident,sync,256,1,0,1,256,4,1196575044,true,,,0.136625
case-0071,6,611,metal,resident,sync,256,1,0,1,256,4,1196575044,true,,,0.15087500000000001
case-0071,7,730,metal,resident,sync,256,1,0,1,256,4,1196575044,true,,,0.13708300000000001
case-0071,8,847,metal,resident,sync,256,1,0,1,256,4,1196575044,true,,,0.14199999999999999
case-0071,9,966,metal,resident,sync,256,1,0,1,256,4,1196575044,true,,,0.15120800000000001
case-0071,10,1083,metal,resident,sync,256,1,0,1,256,4,1196575044,true,,,0.1255
case-0071,11,1202,metal,resident,sync,256,1,0,1,256,4,1196575044,true,,,0.13908300000000001
case-0071,12,1439,metal,resident,sync,256,1,0,1,256,4,1196575044,true,,,0.15629199999999999
case-0071,13,1558,metal,resident,sync,256,1,0,1,256,4,1196575044,true,,,0.14758399999999999
case-0071,14,1675,metal,resident,sync,256,1,0,1,256,4,1196575044,true,,,0.16337499999999999
case-0071,15,1794,metal,resident,sync,256,1,0,1,256,4,1196575044,true,,,0.135875
case-0071,16,1911,metal,resident,sync,256,1,0,1,256,4,1196575044,true,,,0.157584
case-0071,17,2030,metal,resident,sync,256,1,0,1,256,4,1196575044,true,,,0.136625
case-0071,18,2147,metal,resident,sync,256,1,0,1,256,4,1196575044,true,,,0.15137500000000001
case-0071,19,2266,metal,resident,sync,256,1,0,1,256,4,1196575044,true,,,0.13783400000000001
case-0071,20,2383,metal,resident,sync,256,1,0,1,256,4,1196575044,true,,,0.16612499999999999
case-0072,1,23,metal,resident,async,256,1,1,1,256,4,1196575044,true,,0.0013749999999999999,0.141625
case-0072,2,142,metal,resident,async,256,1,1,1,256,4,1196575044,true,,0.0022910000000000001,0.192666
case-0072,3,259,metal,resident,async,256,1,1,1,256,4,1196575044,true,,0.001583,0.15670799999999999
case-0072,4,378,metal,resident,async,256,1,1,1,256,4,1196575044,true,,0.0029169999999999999,0.14983399999999999
case-0072,5,495,metal,resident,async,256,1,1,1,256,4,1196575044,true,,0.001333,0.154917
case-0072,6,614,metal,resident,async,256,1,1,1,256,4,1196575044,true,,0.0022079999999999999,0.171791
case-0072,7,731,metal,resident,async,256,1,1,1,256,4,1196575044,true,,0.0014580000000000001,0.168959
case-0072,8,850,metal,resident,async,256,1,1,1,256,4,1196575044,true,,0.0026250000000000002,0.14774999999999999
case-0072,9,967,metal,resident,async,256,1,1,1,256,4,1196575044,true,,0.0013749999999999999,0.22604199999999999
case-0072,10,1086,metal,resident,async,256,1,1,1,256,4,1196575044,true,,0.0030000000000000001,0.17745900000000001
case-0072,11,1203,metal,resident,async,256,1,1,1,256,4,1196575044,true,,0.0015,0.15354200000000001
case-0072,12,1322,metal,resident,async,256,1,1,1,256,4,1196575044,true,,0.0014170000000000001,0.16354199999999999
case-0072,13,1559,metal,resident,async,256,1,1,1,256,4,1196575044,true,,0.0013749999999999999,0.16137499999999999
case-0072,14,1678,metal,resident,async,256,1,1,1,256,4,1196575044,true,,0.002875,0.13437499999999999
case-0072,15,1795,metal,resident,async,256,1,1,1,256,4,1196575044,true,,0.0015410000000000001,0.153667
case-0072,16,1914,metal,resident,async,256,1,1,1,256,4,1196575044,true,,0.0013749999999999999,0.15725
case-0072,17,2031,metal,resident,async,256,1,1,1,256,4,1196575044,true,,0.001459,0.15537500000000001
case-0072,18,2150,metal,resident,async,256,1,1,1,256,4,1196575044,true,,0.0030839999999999999,0.182834
case-0072,19,2267,metal,resident,async,256,1,1,1,256,4,1196575044,true,,0.0013749999999999999,0.15004200000000001
case-0072,20,2386,metal,resident,async,256,1,1,1,256,4,1196575044,true,,0.0022920000000000002,0.14679200000000001
case-0073,1,26,metal,single,sync,4096,1,0,1,4096,4,1196575044,true,0.16054199999999999,,
case-0073,2,143,metal,single,sync,4096,1,0,1,4096,4,1196575044,true,0.17025000000000001,,
case-0073,3,262,metal,single,sync,4096,1,0,1,4096,4,1196575044,true,0.15654199999999999,,
case-0073,4,379,metal,single,sync,4096,1,0,1,4096,4,1196575044,true,0.15470900000000001,,
case-0073,5,498,metal,single,sync,4096,1,0,1,4096,4,1196575044,true,0.152333,,
case-0073,6,615,metal,single,sync,4096,1,0,1,4096,4,1196575044,true,0.13758300000000001,,
case-0073,7,734,metal,single,sync,4096,1,0,1,4096,4,1196575044,true,0.17100000000000001,,
case-0073,8,851,metal,single,sync,4096,1,0,1,4096,4,1196575044,true,0.145125,,
case-0073,9,970,metal,single,sync,4096,1,0,1,4096,4,1196575044,true,0.14016700000000001,,
case-0073,10,1087,metal,single,sync,4096,1,0,1,4096,4,1196575044,true,0.138291,,
case-0073,11,1206,metal,single,sync,4096,1,0,1,4096,4,1196575044,true,0.1535,,
case-0073,12,1323,metal,single,sync,4096,1,0,1,4096,4,1196575044,true,0.13275000000000001,,
case-0073,13,1442,metal,single,sync,4096,1,0,1,4096,4,1196575044,true,0.142958,,
case-0073,14,1679,metal,single,sync,4096,1,0,1,4096,4,1196575044,true,0.1555,,
case-0073,15,1798,metal,single,sync,4096,1,0,1,4096,4,1196575044,true,0.237542,,
case-0073,16,1915,metal,single,sync,4096,1,0,1,4096,4,1196575044,true,0.160833,,
case-0073,17,2034,metal,single,sync,4096,1,0,1,4096,4,1196575044,true,0.141375,,
case-0073,18,2151,metal,single,sync,4096,1,0,1,4096,4,1196575044,true,0.145292,,
case-0073,19,2270,metal,single,sync,4096,1,0,1,4096,4,1196575044,true,0.168042,,
case-0073,20,2387,metal,single,sync,4096,1,0,1,4096,4,1196575044,true,0.18445800000000001,,
case-0074,1,27,metal,single,async,4096,1,1,1,4096,4,1196575044,true,0.15049999999999999,0.0039170000000000003,
case-0074,2,146,metal,single,async,4096,1,1,1,4096,4,1196575044,true,0.17799999999999999,0.0044999999999999997,
case-0074,3,263,metal,single,async,4096,1,1,1,4096,4,1196575044,true,0.186916,0.0034160000000000002,
case-0074,4,382,metal,single,async,4096,1,1,1,4096,4,1196575044,true,0.16595799999999999,0.0042909999999999997,
case-0074,5,499,metal,single,async,4096,1,1,1,4096,4,1196575044,true,0.16179199999999999,0.0026250000000000002,
case-0074,6,618,metal,single,async,4096,1,1,1,4096,4,1196575044,true,0.171375,0.0042919999999999998,
case-0074,7,735,metal,single,async,4096,1,1,1,4096,4,1196575044,true,0.174875,0.002666,
case-0074,8,854,metal,single,async,4096,1,1,1,4096,4,1196575044,true,0.172542,0.017999999999999999,
case-0074,9,971,metal,single,async,4096,1,1,1,4096,4,1196575044,true,0.16400000000000001,0.0027499999999999998,
case-0074,10,1090,metal,single,async,4096,1,1,1,4096,4,1196575044,true,0.15429200000000001,0.0043750000000000004,
case-0074,11,1207,metal,single,async,4096,1,1,1,4096,4,1196575044,true,0.157167,0.0026250000000000002,
case-0074,12,1326,metal,single,async,4096,1,1,1,4096,4,1196575044,true,0.157417,0.0044590000000000003,
case-0074,13,1443,metal,single,async,4096,1,1,1,4096,4,1196575044,true,0.153667,0.0027920000000000002,
case-0074,14,1562,metal,single,async,4096,1,1,1,4096,4,1196575044,true,0.16262499999999999,0.0041250000000000002,
case-0074,15,1799,metal,single,async,4096,1,1,1,4096,4,1196575044,true,0.1905,0.0026670000000000001,
case-0074,16,1918,metal,single,async,4096,1,1,1,4096,4,1196575044,true,0.16808300000000001,0.0040829999999999998,
case-0074,17,2035,metal,single,async,4096,1,1,1,4096,4,1196575044,true,0.186083,0.0027079999999999999,
case-0074,18,2154,metal,single,async,4096,1,1,1,4096,4,1196575044,true,0.14970800000000001,0.0049579999999999997,
case-0074,19,2271,metal,single,async,4096,1,1,1,4096,4,1196575044,true,0.183,0.0025829999999999998,
case-0074,20,2390,metal,single,async,4096,1,1,1,4096,4,1196575044,true,0.167542,0.0043750000000000004,
case-0075,1,30,metal,streams,sync,4096,1,0,1,4096,4,1196575044,true,0.16200000000000001,,
case-0075,2,147,metal,streams,sync,4096,1,0,1,4096,4,1196575044,true,0.13366600000000001,,
case-0075,3,266,metal,streams,sync,4096,1,0,1,4096,4,1196575044,true,0.139042,,
case-0075,4,383,metal,streams,sync,4096,1,0,1,4096,4,1196575044,true,0.17249999999999999,,
case-0075,5,502,metal,streams,sync,4096,1,0,1,4096,4,1196575044,true,0.142875,,
case-0075,6,619,metal,streams,sync,4096,1,0,1,4096,4,1196575044,true,0.12695799999999999,,
case-0075,7,738,metal,streams,sync,4096,1,0,1,4096,4,1196575044,true,0.13141700000000001,,
case-0075,8,855,metal,streams,sync,4096,1,0,1,4096,4,1196575044,true,0.17424999999999999,,
case-0075,9,974,metal,streams,sync,4096,1,0,1,4096,4,1196575044,true,0.161,,
case-0075,10,1091,metal,streams,sync,4096,1,0,1,4096,4,1196575044,true,0.13941600000000001,,
case-0075,11,1210,metal,streams,sync,4096,1,0,1,4096,4,1196575044,true,0.140541,,
case-0075,12,1327,metal,streams,sync,4096,1,0,1,4096,4,1196575044,true,0.142041,,
case-0075,13,1446,metal,streams,sync,4096,1,0,1,4096,4,1196575044,true,0.18904199999999999,,
case-0075,14,1563,metal,streams,sync,4096,1,0,1,4096,4,1196575044,true,0.158833,,
case-0075,15,1682,metal,streams,sync,4096,1,0,1,4096,4,1196575044,true,0.14066699999999999,,
case-0075,16,1919,metal,streams,sync,4096,1,0,1,4096,4,1196575044,true,0.145208,,
case-0075,17,2038,metal,streams,sync,4096,1,0,1,4096,4,1196575044,true,0.14033399999999999,,
case-0075,18,2155,metal,streams,sync,4096,1,0,1,4096,4,1196575044,true,0.175292,,
case-0075,19,2274,metal,streams,sync,4096,1,0,1,4096,4,1196575044,true,0.14679200000000001,,
case-0075,20,2391,metal,streams,sync,4096,1,0,1,4096,4,1196575044,true,0.14099999999999999,,
case-0076,1,31,metal,streams,async,4096,1,1,1,4096,4,1196575044,true,0.186333,0.0022079999999999999,
case-0076,2,150,metal,streams,async,4096,1,1,1,4096,4,1196575044,true,0.161666,0.004875,
case-0076,3,267,metal,streams,async,4096,1,1,1,4096,4,1196575044,true,0.14837500000000001,0.0022910000000000001,
case-0076,4,386,metal,streams,async,4096,1,1,1,4096,4,1196575044,true,0.16975000000000001,0.004333,
case-0076,5,503,metal,streams,async,4096,1,1,1,4096,4,1196575044,true,0.15075,0.0022499999999999998,
case-0076,6,622,metal,streams,async,4096,1,1,1,4096,4,1196575044,true,0.17383299999999999,0.0046249999999999998,
case-0076,7,739,metal,streams,async,4096,1,1,1,4096,4,1196575044,true,0.18812499999999999,0.0022499999999999998,
case-0076,8,858,metal,streams,async,4096,1,1,1,4096,4,1196575044,true,0.154167,0.0044169999999999999,
case-0076,9,975,metal,streams,async,4096,1,1,1,4096,4,1196575044,true,0.15212500000000001,0.0022910000000000001,
case-0076,10,1094,metal,streams,async,4096,1,1,1,4096,4,1196575044,true,0.14991699999999999,0.004542,
case-0076,11,1211,metal,streams,async,4096,1,1,1,4096,4,1196575044,true,0.18004100000000001,0.0032499999999999999,
case-0076,12,1330,metal,streams,async,4096,1,1,1,4096,4,1196575044,true,0.175125,0.003166,
case-0076,13,1447,metal,streams,async,4096,1,1,1,4096,4,1196575044,true,0.14924999999999999,0.0022079999999999999,
case-0076,14,1566,metal,streams,async,4096,1,1,1,4096,4,1196575044,true,0.16379099999999999,0.004666,
case-0076,15,1683,metal,streams,async,4096,1,1,1,4096,4,1196575044,true,0.141792,0.0025000000000000001,
case-0076,16,1802,metal,streams,async,4096,1,1,1,4096,4,1196575044,true,0.14920800000000001,0.003375,
case-0076,17,2039,metal,streams,async,4096,1,1,1,4096,4,1196575044,true,0.18295800000000001,0.0021670000000000001,
case-0076,18,2158,metal,streams,async,4096,1,1,1,4096,4,1196575044,true,0.15154200000000001,0.012709,
case-0076,19,2275,metal,streams,async,4096,1,1,1,4096,4,1196575044,true,0.15337500000000001,0.0022079999999999999,
case-0076,20,2394,metal,streams,async,4096,1,1,1,4096,4,1196575044,true,0.175375,0.0042500000000000003,
case-0077,1,34,metal,streams,sync,4096,2,0,2,4096,4,1196575044,true,0.28879100000000002,,
case-0077,2,151,metal,streams,sync,4096,2,0,2,4096,4,1196575044,true,0.32020900000000002,,
case-0077,3,270,metal,streams,sync,4096,2,0,2,4096,4,1196575044,true,0.30049999999999999,,
case-0077,4,387,metal,streams,sync,4096,2,0,2,4096,4,1196575044,true,0.32358300000000001,,
case-0077,5,506,metal,streams,sync,4096,2,0,2,4096,4,1196575044,true,0.27729100000000001,,
case-0077,6,623,metal,streams,sync,4096,2,0,2,4096,4,1196575044,true,0.28758400000000001,,
case-0077,7,742,metal,streams,sync,4096,2,0,2,4096,4,1196575044,true,0.37920799999999999,,
case-0077,8,859,metal,streams,sync,4096,2,0,2,4096,4,1196575044,true,0.34370899999999999,,
case-0077,9,978,metal,streams,sync,4096,2,0,2,4096,4,1196575044,true,0.27583400000000002,,
case-0077,10,1095,metal,streams,sync,4096,2,0,2,4096,4,1196575044,true,0.28837499999999999,,
case-0077,11,1214,metal,streams,sync,4096,2,0,2,4096,4,1196575044,true,0.323208,,
case-0077,12,1331,metal,streams,sync,4096,2,0,2,4096,4,1196575044,true,0.33208399999999999,,
case-0077,13,1450,metal,streams,sync,4096,2,0,2,4096,4,1196575044,true,0.293458,,
case-0077,14,1567,metal,streams,sync,4096,2,0,2,4096,4,1196575044,true,0.29733300000000001,,
case-0077,15,1686,metal,streams,sync,4096,2,0,2,4096,4,1196575044,true,0.27058399999999999,,
case-0077,16,1803,metal,streams,sync,4096,2,0,2,4096,4,1196575044,true,0.31924999999999998,,
case-0077,17,1922,metal,streams,sync,4096,2,0,2,4096,4,1196575044,true,0.33358300000000002,,
case-0077,18,2159,metal,streams,sync,4096,2,0,2,4096,4,1196575044,true,0.29320800000000002,,
case-0077,19,2278,metal,streams,sync,4096,2,0,2,4096,4,1196575044,true,0.34512500000000002,,
case-0077,20,2395,metal,streams,sync,4096,2,0,2,4096,4,1196575044,true,0.30208299999999999,,
case-0078,1,35,metal,streams,async,4096,2,2,2,4096,4,1196575044,true,0.19783400000000001,0.018416999999999999,
case-0078,2,154,metal,streams,async,4096,2,2,2,4096,4,1196575044,true,0.16037499999999999,0.0045840000000000004,
case-0078,3,271,metal,streams,async,4096,2,2,2,4096,4,1196575044,true,0.18970799999999999,0.0044999999999999997,
case-0078,4,390,metal,streams,async,4096,2,2,2,4096,4,1196575044,true,0.16341700000000001,0.0047080000000000004,
case-0078,5,507,metal,streams,async,4096,2,2,2,4096,4,1196575044,true,0.19370799999999999,0.0048329999999999996,
case-0078,6,626,metal,streams,async,4096,2,2,2,4096,4,1196575044,true,0.185917,0.0036250000000000002,
case-0078,7,743,metal,streams,async,4096,2,2,2,4096,4,1196575044,true,0.196959,0.0044590000000000003,
case-0078,8,862,metal,streams,async,4096,2,2,2,4096,4,1196575044,true,0.214083,0.017957999999999998,
case-0078,9,979,metal,streams,async,4096,2,2,2,4096,4,1196575044,true,0.16429199999999999,0.0046670000000000001,
case-0078,10,1098,metal,streams,async,4096,2,2,2,4096,4,1196575044,true,0.15845799999999999,0.0044999999999999997,
case-0078,11,1215,metal,streams,async,4096,2,2,2,4096,4,1196575044,true,0.18545900000000001,0.004875,
case-0078,12,1334,metal,streams,async,4096,2,2,2,4096,4,1196575044,true,0.158334,0.0044590000000000003,
case-0078,13,1451,metal,streams,async,4096,2,2,2,4096,4,1196575044,true,0.170375,0.0044590000000000003,
case-0078,14,1570,metal,streams,async,4096,2,2,2,4096,4,1196575044,true,0.223,0.0037499999999999999,
case-0078,15,1687,metal,streams,async,4096,2,2,2,4096,4,1196575044,true,0.16458300000000001,0.004666,
case-0078,16,1806,metal,streams,async,4096,2,2,2,4096,4,1196575044,true,0.166875,0.0040829999999999998,
case-0078,17,1923,metal,streams,async,4096,2,2,2,4096,4,1196575044,true,0.166375,0.0047499999999999999,
case-0078,18,2042,metal,streams,async,4096,2,2,2,4096,4,1196575044,true,0.186334,0.0041250000000000002,
case-0078,19,2279,metal,streams,async,4096,2,2,2,4096,4,1196575044,true,0.183583,0.0046670000000000001,
case-0078,20,2398,metal,streams,async,4096,2,2,2,4096,4,1196575044,true,0.16766600000000001,0.0062909999999999997,
case-0079,1,38,metal,streams,sync,4096,4,0,4,4096,4,1196575044,true,0.604958,,
case-0079,2,155,metal,streams,sync,4096,4,0,4,4096,4,1196575044,true,0.61129100000000003,,
case-0079,3,274,metal,streams,sync,4096,4,0,4,4096,4,1196575044,true,0.59120799999999996,,
case-0079,4,391,metal,streams,sync,4096,4,0,4,4096,4,1196575044,true,0.60729100000000003,,
case-0079,5,510,metal,streams,sync,4096,4,0,4,4096,4,1196575044,true,0.58983399999999997,,
case-0079,6,627,metal,streams,sync,4096,4,0,4,4096,4,1196575044,true,0.63633300000000004,,
case-0079,7,746,metal,streams,sync,4096,4,0,4,4096,4,1196575044,true,0.58779199999999998,,
case-0079,8,863,metal,streams,sync,4096,4,0,4,4096,4,1196575044,true,0.60220799999999997,,
case-0079,9,982,metal,streams,sync,4096,4,0,4,4096,4,1196575044,true,0.58708300000000002,,
case-0079,10,1099,metal,streams,sync,4096,4,0,4,4096,4,1196575044,true,0.61670899999999995,,
case-0079,11,1218,metal,streams,sync,4096,4,0,4,4096,4,1196575044,true,0.56741699999999995,,
case-0079,12,1335,metal,streams,sync,4096,4,0,4,4096,4,1196575044,true,0.56404100000000001,,
case-0079,13,1454,metal,streams,sync,4096,4,0,4,4096,4,1196575044,true,0.61937500000000001,,
case-0079,14,1571,metal,streams,sync,4096,4,0,4,4096,4,1196575044,true,0.61808300000000005,,
case-0079,15,1690,metal,streams,sync,4096,4,0,4,4096,4,1196575044,true,0.57150000000000001,,
case-0079,16,1807,metal,streams,sync,4096,4,0,4,4096,4,1196575044,true,0.64516700000000005,,
case-0079,17,1926,metal,streams,sync,4096,4,0,4,4096,4,1196575044,true,0.67925000000000002,,
case-0079,18,2043,metal,streams,sync,4096,4,0,4,4096,4,1196575044,true,0.58383399999999996,,
case-0079,19,2162,metal,streams,sync,4096,4,0,4,4096,4,1196575044,true,0.669875,,
case-0079,20,2399,metal,streams,sync,4096,4,0,4,4096,4,1196575044,true,0.60241599999999995,,
case-0080,1,39,metal,streams,async,4096,4,4,4,4096,4,1196575044,true,0.21304100000000001,0.031083,
case-0080,2,158,metal,streams,async,4096,4,4,4,4096,4,1196575044,true,0.19275,0.026749999999999999,
case-0080,3,275,metal,streams,async,4096,4,4,4,4096,4,1196575044,true,0.21829200000000001,0.044082999999999997,
case-0080,4,394,metal,streams,async,4096,4,4,4,4096,4,1196575044,true,0.208125,0.047625000000000001,
case-0080,5,511,metal,streams,async,4096,4,4,4,4096,4,1196575044,true,0.184083,0.032750000000000001,
case-0080,6,630,metal,streams,async,4096,4,4,4,4096,4,1196575044,true,0.21912499999999999,0.043458999999999998,
case-0080,7,747,metal,streams,async,4096,4,4,4,4096,4,1196575044,true,0.21529200000000001,0.051416999999999997,
case-0080,8,866,metal,streams,async,4096,4,4,4,4096,4,1196575044,true,0.207708,0.042625000000000003,
case-0080,9,983,metal,streams,async,4096,4,4,4,4096,4,1196575044,true,0.2225,0.050041000000000002,
case-0080,10,1102,metal,streams,async,4096,4,4,4,4096,4,1196575044,true,0.17674999999999999,0.048666000000000001,
case-0080,11,1219,metal,streams,async,4096,4,4,4,4096,4,1196575044,true,0.19500000000000001,0.027125,
case-0080,12,1338,metal,streams,async,4096,4,4,4,4096,4,1196575044,true,0.188833,0.018582999999999999,
case-0080,13,1455,metal,streams,async,4096,4,4,4,4096,4,1196575044,true,0.23091700000000001,0.051541999999999998,
case-0080,14,1574,metal,streams,async,4096,4,4,4,4096,4,1196575044,true,0.189333,0.045457999999999998,
case-0080,15,1691,metal,streams,async,4096,4,4,4,4096,4,1196575044,true,0.238875,0.042625000000000003,
case-0080,16,1810,metal,streams,async,4096,4,4,4,4096,4,1196575044,true,0.188333,0.042875000000000003,
case-0080,17,1927,metal,streams,async,4096,4,4,4,4096,4,1196575044,true,0.20341600000000001,0.053540999999999998,
case-0080,18,2046,metal,streams,async,4096,4,4,4,4096,4,1196575044,true,0.203875,0.046790999999999999,
case-0080,19,2163,metal,streams,async,4096,4,4,4,4096,4,1196575044,true,0.23225000000000001,0.040208000000000001,
case-0080,20,2282,metal,streams,async,4096,4,4,4,4096,4,1196575044,true,0.19629099999999999,0.041166000000000001,
case-0081,1,42,metal,dependency,sync,4096,1,0,2,8192,4,1196575044,true,0.27658300000000002,,
case-0081,2,159,metal,dependency,sync,4096,1,0,2,8192,4,1196575044,true,0.28587499999999999,,
case-0081,3,278,metal,dependency,sync,4096,1,0,2,8192,4,1196575044,true,0.37970900000000002,,
case-0081,4,395,metal,dependency,sync,4096,1,0,2,8192,4,1196575044,true,0.287416,,
case-0081,5,514,metal,dependency,sync,4096,1,0,2,8192,4,1196575044,true,0.33929100000000001,,
case-0081,6,631,metal,dependency,sync,4096,1,0,2,8192,4,1196575044,true,0.31791700000000001,,
case-0081,7,750,metal,dependency,sync,4096,1,0,2,8192,4,1196575044,true,0.28762500000000002,,
case-0081,8,867,metal,dependency,sync,4096,1,0,2,8192,4,1196575044,true,0.308,,
case-0081,9,986,metal,dependency,sync,4096,1,0,2,8192,4,1196575044,true,0.29037499999999999,,
case-0081,10,1103,metal,dependency,sync,4096,1,0,2,8192,4,1196575044,true,0.28041700000000003,,
case-0081,11,1222,metal,dependency,sync,4096,1,0,2,8192,4,1196575044,true,0.31570900000000002,,
case-0081,12,1339,metal,dependency,sync,4096,1,0,2,8192,4,1196575044,true,0.266291,,
case-0081,13,1458,metal,dependency,sync,4096,1,0,2,8192,4,1196575044,true,0.27937499999999998,,
case-0081,14,1575,metal,dependency,sync,4096,1,0,2,8192,4,1196575044,true,0.32741700000000001,,
case-0081,15,1694,metal,dependency,sync,4096,1,0,2,8192,4,1196575044,true,0.32708300000000001,,
case-0081,16,1811,metal,dependency,sync,4096,1,0,2,8192,4,1196575044,true,0.295292,,
case-0081,17,1930,metal,dependency,sync,4096,1,0,2,8192,4,1196575044,true,0.28370800000000002,,
case-0081,18,2047,metal,dependency,sync,4096,1,0,2,8192,4,1196575044,true,0.34050000000000002,,
case-0081,19,2166,metal,dependency,sync,4096,1,0,2,8192,4,1196575044,true,0.28245900000000002,,
case-0081,20,2283,metal,dependency,sync,4096,1,0,2,8192,4,1196575044,true,0.30520799999999998,,
case-0082,1,43,metal,dependency,async,4096,1,3,2,8192,4,1196575044,true,0.29466599999999998,0.0067499999999999999,
case-0082,2,162,metal,dependency,async,4096,1,3,2,8192,4,1196575044,true,0.34295799999999999,0.030792,
case-0082,3,279,metal,dependency,async,4096,1,3,2,8192,4,1196575044,true,0.32066699999999998,0.0056249999999999998,
case-0082,4,398,metal,dependency,async,4096,1,3,2,8192,4,1196575044,true,0.32024999999999998,0.025708000000000002,
case-0082,5,515,metal,dependency,async,4096,1,3,2,8192,4,1196575044,true,0.32183400000000001,0.0084169999999999991,
case-0082,6,634,metal,dependency,async,4096,1,3,2,8192,4,1196575044,true,0.33483299999999999,0.007208,
case-0082,7,751,metal,dependency,async,4096,1,3,2,8192,4,1196575044,true,0.34470800000000001,0.0057920000000000003,
case-0082,8,870,metal,dependency,async,4096,1,3,2,8192,4,1196575044,true,0.37362499999999998,0.035458999999999997,
case-0082,9,987,metal,dependency,async,4096,1,3,2,8192,4,1196575044,true,0.28054200000000001,0.0057080000000000004,
case-0082,10,1106,metal,dependency,async,4096,1,3,2,8192,4,1196575044,true,0.42333300000000001,0.015875,
case-0082,11,1223,metal,dependency,async,4096,1,3,2,8192,4,1196575044,true,0.316583,0.0059579999999999998,
case-0082,12,1342,metal,dependency,async,4096,1,3,2,8192,4,1196575044,true,0.34025,0.008541,
case-0082,13,1459,metal,dependency,async,4096,1,3,2,8192,4,1196575044,true,0.35941699999999999,0.005875,
case-0082,14,1578,metal,dependency,async,4096,1,3,2,8192,4,1196575044,true,0.30470799999999998,0.0055409999999999999,
case-0082,15,1695,metal,dependency,async,4096,1,3,2,8192,4,1196575044,true,0.30575000000000002,0.0056249999999999998,
case-0082,16,1814,metal,dependency,async,4096,1,3,2,8192,4,1196575044,true,0.33637499999999998,0.013790999999999999,
case-0082,17,1931,metal,dependency,async,4096,1,3,2,8192,4,1196575044,true,0.33766600000000002,0.018083999999999999,
case-0082,18,2050,metal,dependency,async,4096,1,3,2,8192,4,1196575044,true,0.31266699999999997,0.02775,
case-0082,19,2167,metal,dependency,async,4096,1,3,2,8192,4,1196575044,true,0.35020800000000002,0.025416999999999999,
case-0082,20,2286,metal,dependency,async,4096,1,3,2,8192,4,1196575044,true,0.31529200000000002,0.014250000000000001,
case-0083,1,46,metal,resident,sync,4096,1,0,1,4096,4,1196575044,true,,,0.135375
case-0083,2,163,metal,resident,sync,4096,1,0,1,4096,4,1196575044,true,,,0.15329200000000001
case-0083,3,282,metal,resident,sync,4096,1,0,1,4096,4,1196575044,true,,,0.159667
case-0083,4,399,metal,resident,sync,4096,1,0,1,4096,4,1196575044,true,,,0.15925
case-0083,5,518,metal,resident,sync,4096,1,0,1,4096,4,1196575044,true,,,0.141375
case-0083,6,635,metal,resident,sync,4096,1,0,1,4096,4,1196575044,true,,,0.17299999999999999
case-0083,7,754,metal,resident,sync,4096,1,0,1,4096,4,1196575044,true,,,0.13625000000000001
case-0083,8,871,metal,resident,sync,4096,1,0,1,4096,4,1196575044,true,,,0.13308300000000001
case-0083,9,990,metal,resident,sync,4096,1,0,1,4096,4,1196575044,true,,,0.20233400000000001
case-0083,10,1107,metal,resident,sync,4096,1,0,1,4096,4,1196575044,true,,,0.16375000000000001
case-0083,11,1226,metal,resident,sync,4096,1,0,1,4096,4,1196575044,true,,,0.14591599999999999
case-0083,12,1343,metal,resident,sync,4096,1,0,1,4096,4,1196575044,true,,,0.14399999999999999
case-0083,13,1462,metal,resident,sync,4096,1,0,1,4096,4,1196575044,true,,,0.13858300000000001
case-0083,14,1579,metal,resident,sync,4096,1,0,1,4096,4,1196575044,true,,,0.136458
case-0083,15,1698,metal,resident,sync,4096,1,0,1,4096,4,1196575044,true,,,0.13658300000000001
case-0083,16,1815,metal,resident,sync,4096,1,0,1,4096,4,1196575044,true,,,0.14108399999999999
case-0083,17,1934,metal,resident,sync,4096,1,0,1,4096,4,1196575044,true,,,0.18174999999999999
case-0083,18,2051,metal,resident,sync,4096,1,0,1,4096,4,1196575044,true,,,0.17658299999999999
case-0083,19,2170,metal,resident,sync,4096,1,0,1,4096,4,1196575044,true,,,0.18412500000000001
case-0083,20,2287,metal,resident,sync,4096,1,0,1,4096,4,1196575044,true,,,0.13304199999999999
case-0084,1,47,metal,resident,async,4096,1,1,1,4096,4,1196575044,true,,0.0024580000000000001,0.19400000000000001
case-0084,2,166,metal,resident,async,4096,1,1,1,4096,4,1196575044,true,,0.001292,0.15354200000000001
case-0084,3,283,metal,resident,async,4096,1,1,1,4096,4,1196575044,true,,0.00125,0.173708
case-0084,4,402,metal,resident,async,4096,1,1,1,4096,4,1196575044,true,,0.0016249999999999999,0.15575
case-0084,5,519,metal,resident,async,4096,1,1,1,4096,4,1196575044,true,,0.0011670000000000001,0.14804100000000001
case-0084,6,638,metal,resident,async,4096,1,1,1,4096,4,1196575044,true,,0.0014580000000000001,0.158083
case-0084,7,755,metal,resident,async,4096,1,1,1,4096,4,1196575044,true,,0.0011249999999999999,0.14958399999999999
case-0084,8,874,metal,resident,async,4096,1,1,1,4096,4,1196575044,true,,0.0019580000000000001,0.16750000000000001
case-0084,9,991,metal,resident,async,4096,1,1,1,4096,4,1196575044,true,,0.00125,0.188167
case-0084,10,1110,metal,resident,async,4096,1,1,1,4096,4,1196575044,true,,0.0013339999999999999,0.17349999999999999
case-0084,11,1227,metal,resident,async,4096,1,1,1,4096,4,1196575044,true,,0.001083,0.14166599999999999
case-0084,12,1346,metal,resident,async,4096,1,1,1,4096,4,1196575044,true,,0.0013339999999999999,0.14858399999999999
case-0084,13,1463,metal,resident,async,4096,1,1,1,4096,4,1196575044,true,,0.0011249999999999999,0.13416600000000001
case-0084,14,1582,metal,resident,async,4096,1,1,1,4096,4,1196575044,true,,0.0016249999999999999,0.14691699999999999
case-0084,15,1699,metal,resident,async,4096,1,1,1,4096,4,1196575044,true,,0.0011670000000000001,0.13491700000000001
case-0084,16,1818,metal,resident,async,4096,1,1,1,4096,4,1196575044,true,,0.001292,0.169958
case-0084,17,1935,metal,resident,async,4096,1,1,1,4096,4,1196575044,true,,0.00125,0.16316700000000001
case-0084,18,2054,metal,resident,async,4096,1,1,1,4096,4,1196575044,true,,0.001333,0.169458
case-0084,19,2171,metal,resident,async,4096,1,1,1,4096,4,1196575044,true,,0.0012080000000000001,0.153917
case-0084,20,2290,metal,resident,async,4096,1,1,1,4096,4,1196575044,true,,0.001916,0.172541
case-0085,1,50,metal,single,sync,65536,1,0,1,65536,4,1196575044,true,0.155083,,
case-0085,2,167,metal,single,sync,65536,1,0,1,65536,4,1196575044,true,0.190916,,
case-0085,3,286,metal,single,sync,65536,1,0,1,65536,4,1196575044,true,0.14862500000000001,,
case-0085,4,403,metal,single,sync,65536,1,0,1,65536,4,1196575044,true,0.17699999999999999,,
case-0085,5,522,metal,single,sync,65536,1,0,1,65536,4,1196575044,true,0.15237500000000001,,
case-0085,6,639,metal,single,sync,65536,1,0,1,65536,4,1196575044,true,0.16075,,
case-0085,7,758,metal,single,sync,65536,1,0,1,65536,4,1196575044,true,0.15704099999999999,,
case-0085,8,875,metal,single,sync,65536,1,0,1,65536,4,1196575044,true,0.16095799999999999,,
case-0085,9,994,metal,single,sync,65536,1,0,1,65536,4,1196575044,true,0.15229200000000001,,
case-0085,10,1111,metal,single,sync,65536,1,0,1,65536,4,1196575044,true,0.142625,,
case-0085,11,1230,metal,single,sync,65536,1,0,1,65536,4,1196575044,true,0.14791699999999999,,
case-0085,12,1347,metal,single,sync,65536,1,0,1,65536,4,1196575044,true,0.151583,,
case-0085,13,1466,metal,single,sync,65536,1,0,1,65536,4,1196575044,true,0.150084,,
case-0085,14,1583,metal,single,sync,65536,1,0,1,65536,4,1196575044,true,0.16491700000000001,,
case-0085,15,1702,metal,single,sync,65536,1,0,1,65536,4,1196575044,true,0.14879200000000001,,
case-0085,16,1819,metal,single,sync,65536,1,0,1,65536,4,1196575044,true,0.19950000000000001,,
case-0085,17,1938,metal,single,sync,65536,1,0,1,65536,4,1196575044,true,0.156083,,
case-0085,18,2055,metal,single,sync,65536,1,0,1,65536,4,1196575044,true,0.17799999999999999,,
case-0085,19,2174,metal,single,sync,65536,1,0,1,65536,4,1196575044,true,0.18154200000000001,,
case-0085,20,2291,metal,single,sync,65536,1,0,1,65536,4,1196575044,true,0.174959,,
case-0086,1,51,metal,single,async,65536,1,1,1,65536,4,1196575044,true,0.16725000000000001,0.012208999999999999,
case-0086,2,170,metal,single,async,65536,1,1,1,65536,4,1196575044,true,0.176375,0.030542,
case-0086,3,287,metal,single,async,65536,1,1,1,65536,4,1196575044,true,0.17241600000000001,0.013166000000000001,
case-0086,4,406,metal,single,async,65536,1,1,1,65536,4,1196575044,true,0.20333399999999999,0.028625000000000001,
case-0086,5,523,metal,single,async,65536,1,1,1,65536,4,1196575044,true,0.174709,0.012167000000000001,
case-0086,6,642,metal,single,async,65536,1,1,1,65536,4,1196575044,true,0.17241600000000001,0.01525,
case-0086,7,759,metal,single,async,65536,1,1,1,65536,4,1196575044,true,0.17941599999999999,0.012041,
case-0086,8,878,metal,single,async,65536,1,1,1,65536,4,1196575044,true,0.18412500000000001,0.022249999999999999,
case-0086,9,995,metal,single,async,65536,1,1,1,65536,4,1196575044,true,0.20025000000000001,0.0135,
case-0086,10,1114,metal,single,async,65536,1,1,1,65536,4,1196575044,true,0.18462500000000001,0.026749999999999999,
case-0086,11,1231,metal,single,async,65536,1,1,1,65536,4,1196575044,true,0.17333299999999999,0.012999999999999999,
case-0086,12,1350,metal,single,async,65536,1,1,1,65536,4,1196575044,true,0.220667,0.032209000000000002,
case-0086,13,1467,metal,single,async,65536,1,1,1,65536,4,1196575044,true,0.17941699999999999,0.013375,
case-0086,14,1586,metal,single,async,65536,1,1,1,65536,4,1196575044,true,0.17870900000000001,0.020708000000000001,
case-0086,15,1703,metal,single,async,65536,1,1,1,65536,4,1196575044,true,0.177375,0.013125,
case-0086,16,1822,metal,single,async,65536,1,1,1,65536,4,1196575044,true,0.17324999999999999,0.026667,
case-0086,17,1939,metal,single,async,65536,1,1,1,65536,4,1196575044,true,0.17895800000000001,0.016208,
case-0086,18,2058,metal,single,async,65536,1,1,1,65536,4,1196575044,true,0.17866599999999999,0.01975,
case-0086,19,2175,metal,single,async,65536,1,1,1,65536,4,1196575044,true,0.18787499999999999,0.016833000000000001,
case-0086,20,2294,metal,single,async,65536,1,1,1,65536,4,1196575044,true,0.17874999999999999,0.026124999999999999,
case-0087,1,54,metal,streams,sync,65536,1,0,1,65536,4,1196575044,true,0.15475,,
case-0087,2,171,metal,streams,sync,65536,1,0,1,65536,4,1196575044,true,0.16037499999999999,,
case-0087,3,290,metal,streams,sync,65536,1,0,1,65536,4,1196575044,true,0.156917,,
case-0087,4,407,metal,streams,sync,65536,1,0,1,65536,4,1196575044,true,0.156,,
case-0087,5,526,metal,streams,sync,65536,1,0,1,65536,4,1196575044,true,0.15104200000000001,,
case-0087,6,643,metal,streams,sync,65536,1,0,1,65536,4,1196575044,true,0.15137500000000001,,
case-0087,7,762,metal,streams,sync,65536,1,0,1,65536,4,1196575044,true,0.15120800000000001,,
case-0087,8,879,metal,streams,sync,65536,1,0,1,65536,4,1196575044,true,0.168541,,
case-0087,9,998,metal,streams,sync,65536,1,0,1,65536,4,1196575044,true,0.15295800000000001,,
case-0087,10,1115,metal,streams,sync,65536,1,0,1,65536,4,1196575044,true,0.15837499999999999,,
case-0087,11,1234,metal,streams,sync,65536,1,0,1,65536,4,1196575044,true,0.18662500000000001,,
case-0087,12,1351,metal,streams,sync,65536,1,0,1,65536,4,1196575044,true,0.15695899999999999,,
case-0087,13,1470,metal,streams,sync,65536,1,0,1,65536,4,1196575044,true,0.15437500000000001,,
case-0087,14,1587,metal,streams,sync,65536,1,0,1,65536,4,1196575044,true,0.155417,,
case-0087,15,1706,metal,streams,sync,65536,1,0,1,65536,4,1196575044,true,0.15887499999999999,,
case-0087,16,1823,metal,streams,sync,65536,1,0,1,65536,4,1196575044,true,0.16991700000000001,,
case-0087,17,1942,metal,streams,sync,65536,1,0,1,65536,4,1196575044,true,0.15262500000000001,,
case-0087,18,2059,metal,streams,sync,65536,1,0,1,65536,4,1196575044,true,0.145708,,
case-0087,19,2178,metal,streams,sync,65536,1,0,1,65536,4,1196575044,true,0.14795800000000001,,
case-0087,20,2295,metal,streams,sync,65536,1,0,1,65536,4,1196575044,true,0.15004100000000001,,
case-0088,1,55,metal,streams,async,65536,1,1,1,65536,4,1196575044,true,0.156416,0.011875,
case-0088,2,174,metal,streams,async,65536,1,1,1,65536,4,1196575044,true,0.184583,0.024375000000000001,
case-0088,3,291,metal,streams,async,65536,1,1,1,65536,4,1196575044,true,0.173625,0.012125,
case-0088,4,410,metal,streams,async,65536,1,1,1,65536,4,1196575044,true,0.200041,0.026374999999999999,
case-0088,5,527,metal,streams,async,65536,1,1,1,65536,4,1196575044,true,0.203875,0.012459,
case-0088,6,646,metal,streams,async,65536,1,1,1,65536,4,1196575044,true,0.185083,0.023,
case-0088,7,763,metal,streams,async,65536,1,1,1,65536,4,1196575044,true,0.17762500000000001,0.01225,
case-0088,8,882,metal,streams,async,65536,1,1,1,65536,4,1196575044,true,0.183667,0.020875000000000001,
case-0088,9,999,metal,streams,async,65536,1,1,1,65536,4,1196575044,true,0.21191599999999999,0.017749999999999998,
case-0088,10,1118,metal,streams,async,65536,1,1,1,65536,4,1196575044,true,0.18387500000000001,0.022459,
case-0088,11,1235,metal,streams,async,65536,1,1,1,65536,4,1196575044,true,0.175292,0.013334,
case-0088,12,1354,metal,streams,async,65536,1,1,1,65536,4,1196575044,true,0.192333,0.077374999999999999,
case-0088,13,1471,metal,streams,async,65536,1,1,1,65536,4,1196575044,true,0.17987500000000001,0.012333,
case-0088,14,1590,metal,streams,async,65536,1,1,1,65536,4,1196575044,true,0.18183299999999999,0.027875,
case-0088,15,1707,metal,streams,async,65536,1,1,1,65536,4,1196575044,true,0.16120899999999999,0.012083,
case-0088,16,1826,metal,streams,async,65536,1,1,1,65536,4,1196575044,true,0.17845900000000001,0.025708999999999999,
case-0088,17,1943,metal,streams,async,65536,1,1,1,65536,4,1196575044,true,0.18079200000000001,0.012208999999999999,
case-0088,18,2062,metal,streams,async,65536,1,1,1,65536,4,1196575044,true,0.18387500000000001,0.027,
case-0088,19,2179,metal,streams,async,65536,1,1,1,65536,4,1196575044,true,0.191416,0.012125,
case-0088,20,2298,metal,streams,async,65536,1,1,1,65536,4,1196575044,true,0.17820800000000001,0.026332999999999999,
case-0089,1,58,metal,streams,sync,65536,2,0,2,65536,4,1196575044,true,0.394208,,
case-0089,2,175,metal,streams,sync,65536,2,0,2,65536,4,1196575044,true,0.31079200000000001,,
case-0089,3,294,metal,streams,sync,65536,2,0,2,65536,4,1196575044,true,0.32220799999999999,,
case-0089,4,411,metal,streams,sync,65536,2,0,2,65536,4,1196575044,true,0.28479199999999999,,
case-0089,5,530,metal,streams,sync,65536,2,0,2,65536,4,1196575044,true,0.31516699999999997,,
case-0089,6,647,metal,streams,sync,65536,2,0,2,65536,4,1196575044,true,0.30316700000000002,,
case-0089,7,766,metal,streams,sync,65536,2,0,2,65536,4,1196575044,true,0.32195800000000002,,
case-0089,8,883,metal,streams,sync,65536,2,0,2,65536,4,1196575044,true,0.438917,,
case-0089,9,1002,metal,streams,sync,65536,2,0,2,65536,4,1196575044,true,0.29933300000000002,,
case-0089,10,1119,metal,streams,sync,65536,2,0,2,65536,4,1196575044,true,0.30033300000000002,,
case-0089,11,1238,metal,streams,sync,65536,2,0,2,65536,4,1196575044,true,0.29283300000000001,,
case-0089,12,1355,metal,streams,sync,65536,2,0,2,65536,4,1196575044,true,0.3105,,
case-0089,13,1474,metal,streams,sync,65536,2,0,2,65536,4,1196575044,true,0.30145899999999998,,
case-0089,14,1591,metal,streams,sync,65536,2,0,2,65536,4,1196575044,true,0.31179200000000001,,
case-0089,15,1710,metal,streams,sync,65536,2,0,2,65536,4,1196575044,true,0.31954199999999999,,
case-0089,16,1827,metal,streams,sync,65536,2,0,2,65536,4,1196575044,true,0.32679200000000003,,
case-0089,17,1946,metal,streams,sync,65536,2,0,2,65536,4,1196575044,true,0.47941699999999998,,
case-0089,18,2063,metal,streams,sync,65536,2,0,2,65536,4,1196575044,true,0.34062500000000001,,
case-0089,19,2182,metal,streams,sync,65536,2,0,2,65536,4,1196575044,true,0.30399999999999999,,
case-0089,20,2299,metal,streams,sync,65536,2,0,2,65536,4,1196575044,true,0.30454100000000001,,
case-0090,1,59,metal,streams,async,65536,2,2,2,65536,4,1196575044,true,0.19225,0.047125,
case-0090,2,178,metal,streams,async,65536,2,2,2,65536,4,1196575044,true,0.18437500000000001,0.042291000000000002,
case-0090,3,295,metal,streams,async,65536,2,2,2,65536,4,1196575044,true,0.17770900000000001,0.039875000000000001,
case-0090,4,414,metal,streams,async,65536,2,2,2,65536,4,1196575044,true,0.192167,0.044874999999999998,
case-0090,5,531,metal,streams,async,65536,2,2,2,65536,4,1196575044,true,0.18137500000000001,0.02725,
case-0090,6,650,metal,streams,async,65536,2,2,2,65536,4,1196575044,true,0.19858300000000001,0.043291000000000003,
case-0090,7,767,metal,streams,async,65536,2,2,2,65536,4,1196575044,true,0.234292,0.034708000000000003,
case-0090,8,886,metal,streams,async,65536,2,2,2,65536,4,1196575044,true,0.19412499999999999,0.039542000000000001,
case-0090,9,1003,metal,streams,async,65536,2,2,2,65536,4,1196575044,true,0.18987499999999999,0.019,
case-0090,10,1122,metal,streams,async,65536,2,2,2,65536,4,1196575044,true,0.184167,0.051499999999999997,
case-0090,11,1239,metal,streams,async,65536,2,2,2,65536,4,1196575044,true,0.20125000000000001,0.046958,
case-0090,12,1358,metal,streams,async,65536,2,2,2,65536,4,1196575044,true,0.19400000000000001,0.026957999999999999,
case-0090,13,1475,metal,streams,async,65536,2,2,2,65536,4,1196575044,true,0.21570800000000001,0.036916999999999998,
case-0090,14,1594,metal,streams,async,65536,2,2,2,65536,4,1196575044,true,0.22025,0.028125000000000001,
case-0090,15,1711,metal,streams,async,65536,2,2,2,65536,4,1196575044,true,0.17624999999999999,0.017666000000000001,
case-0090,16,1830,metal,streams,async,65536,2,2,2,65536,4,1196575044,true,0.184417,0.072790999999999995,
case-0090,17,1947,metal,streams,async,65536,2,2,2,65536,4,1196575044,true,0.268625,0.037624999999999999,
case-0090,18,2066,metal,streams,async,65536,2,2,2,65536,4,1196575044,true,0.18083399999999999,0.047834000000000002,
case-0090,19,2183,metal,streams,async,65536,2,2,2,65536,4,1196575044,true,0.21258299999999999,0.018541999999999999,
case-0090,20,2302,metal,streams,async,65536,2,2,2,65536,4,1196575044,true,0.22579199999999999,0.073790999999999995,
case-0091,1,62,metal,streams,sync,65536,4,0,4,65536,4,1196575044,true,0.59462499999999996,,
case-0091,2,179,metal,streams,sync,65536,4,0,4,65536,4,1196575044,true,0.66187499999999999,,
case-0091,3,298,metal,streams,sync,65536,4,0,4,65536,4,1196575044,true,0.653084,,
case-0091,4,415,metal,streams,sync,65536,4,0,4,65536,4,1196575044,true,0.62766599999999995,,
case-0091,5,534,metal,streams,sync,65536,4,0,4,65536,4,1196575044,true,0.61587499999999995,,
case-0091,6,651,metal,streams,sync,65536,4,0,4,65536,4,1196575044,true,0.77066699999999999,,
case-0091,7,770,metal,streams,sync,65536,4,0,4,65536,4,1196575044,true,0.65229199999999998,,
case-0091,8,887,metal,streams,sync,65536,4,0,4,65536,4,1196575044,true,0.62754200000000004,,
case-0091,9,1006,metal,streams,sync,65536,4,0,4,65536,4,1196575044,true,0.67579199999999995,,
case-0091,10,1123,metal,streams,sync,65536,4,0,4,65536,4,1196575044,true,0.60287500000000005,,
case-0091,11,1242,metal,streams,sync,65536,4,0,4,65536,4,1196575044,true,0.67074999999999996,,
case-0091,12,1359,metal,streams,sync,65536,4,0,4,65536,4,1196575044,true,0.56854099999999996,,
case-0091,13,1478,metal,streams,sync,65536,4,0,4,65536,4,1196575044,true,0.66700000000000004,,
case-0091,14,1595,metal,streams,sync,65536,4,0,4,65536,4,1196575044,true,0.60250000000000004,,
case-0091,15,1714,metal,streams,sync,65536,4,0,4,65536,4,1196575044,true,0.659084,,
case-0091,16,1831,metal,streams,sync,65536,4,0,4,65536,4,1196575044,true,0.61533300000000002,,
case-0091,17,1950,metal,streams,sync,65536,4,0,4,65536,4,1196575044,true,0.94966700000000004,,
case-0091,18,2067,metal,streams,sync,65536,4,0,4,65536,4,1196575044,true,0.58662499999999995,,
case-0091,19,2186,metal,streams,sync,65536,4,0,4,65536,4,1196575044,true,0.59220799999999996,,
case-0091,20,2303,metal,streams,sync,65536,4,0,4,65536,4,1196575044,true,0.66170899999999999,,
case-0092,1,63,metal,streams,async,65536,4,4,4,65536,4,1196575044,true,0.2195,0.114125,
case-0092,2,182,metal,streams,async,65536,4,4,4,65536,4,1196575044,true,0.23958299999999999,0.084500000000000006,
case-0092,3,299,metal,streams,async,65536,4,4,4,65536,4,1196575044,true,0.21079200000000001,0.071166999999999994,
case-0092,4,418,metal,streams,async,65536,4,4,4,65536,4,1196575044,true,0.223584,0.110792,
case-0092,5,535,metal,streams,async,65536,4,4,4,65536,4,1196575044,true,0.19654199999999999,0.056041000000000001,
case-0092,6,654,metal,streams,async,65536,4,4,4,65536,4,1196575044,true,0.20516599999999999,0.084458000000000005,
case-0092,7,771,metal,streams,async,65536,4,4,4,65536,4,1196575044,true,0.22587499999999999,0.072790999999999995,
case-0092,8,890,metal,streams,async,65536,4,4,4,65536,4,1196575044,true,0.190167,0.114708,
case-0092,9,1007,metal,streams,async,65536,4,4,4,65536,4,1196575044,true,0.21191699999999999,0.068291000000000004,
case-0092,10,1126,metal,streams,async,65536,4,4,4,65536,4,1196575044,true,0.21479200000000001,0.096542000000000003,
case-0092,11,1243,metal,streams,async,65536,4,4,4,65536,4,1196575044,true,0.21120800000000001,0.062084,
case-0092,12,1362,metal,streams,async,65536,4,4,4,65536,4,1196575044,true,0.208625,0.064750000000000002,
case-0092,13,1479,metal,streams,async,65536,4,4,4,65536,4,1196575044,true,0.22304199999999999,0.089291999999999996,
case-0092,14,1598,metal,streams,async,65536,4,4,4,65536,4,1196575044,true,0.22791700000000001,0.072791999999999996,
case-0092,15,1715,metal,streams,async,65536,4,4,4,65536,4,1196575044,true,0.219583,0.067334000000000005,
case-0092,16,1834,metal,streams,async,65536,4,4,4,65536,4,1196575044,true,0.22225,0.075416999999999998,
case-0092,17,1951,metal,streams,async,65536,4,4,4,65536,4,1196575044,true,0.249166,0.105166,
case-0092,18,2070,metal,streams,async,65536,4,4,4,65536,4,1196575044,true,0.232792,0.085167000000000007,
case-0092,19,2187,metal,streams,async,65536,4,4,4,65536,4,1196575044,true,0.21262500000000001,0.059666999999999998,
case-0092,20,2306,metal,streams,async,65536,4,4,4,65536,4,1196575044,true,0.216833,0.076207999999999998,
case-0093,1,66,metal,dependency,sync,65536,1,0,2,131072,4,1196575044,true,0.31112499999999998,,
case-0093,2,183,metal,dependency,sync,65536,1,0,2,131072,4,1196575044,true,0.33179199999999998,,
case-0093,3,302,metal,dependency,sync,65536,1,0,2,131072,4,1196575044,true,0.34554200000000002,,
case-0093,4,419,metal,dependency,sync,65536,1,0,2,131072,4,1196575044,true,0.33616699999999999,,
case-0093,5,538,metal,dependency,sync,65536,1,0,2,131072,4,1196575044,true,0.33875,,
case-0093,6,655,metal,dependency,sync,65536,1,0,2,131072,4,1196575044,true,0.31474999999999997,,
case-0093,7,774,metal,dependency,sync,65536,1,0,2,131072,4,1196575044,true,0.28991699999999998,,
case-0093,8,891,metal,dependency,sync,65536,1,0,2,131072,4,1196575044,true,0.36858400000000002,,
case-0093,9,1010,metal,dependency,sync,65536,1,0,2,131072,4,1196575044,true,0.30654100000000001,,
case-0093,10,1127,metal,dependency,sync,65536,1,0,2,131072,4,1196575044,true,0.30033300000000002,,
case-0093,11,1246,metal,dependency,sync,65536,1,0,2,131072,4,1196575044,true,0.31129200000000001,,
case-0093,12,1363,metal,dependency,sync,65536,1,0,2,131072,4,1196575044,true,0.28208299999999997,,
case-0093,13,1482,metal,dependency,sync,65536,1,0,2,131072,4,1196575044,true,0.28708299999999998,,
case-0093,14,1599,metal,dependency,sync,65536,1,0,2,131072,4,1196575044,true,0.28054099999999998,,
case-0093,15,1718,metal,dependency,sync,65536,1,0,2,131072,4,1196575044,true,0.31429099999999999,,
case-0093,16,1835,metal,dependency,sync,65536,1,0,2,131072,4,1196575044,true,0.299292,,
case-0093,17,1954,metal,dependency,sync,65536,1,0,2,131072,4,1196575044,true,0.41529199999999999,,
case-0093,18,2071,metal,dependency,sync,65536,1,0,2,131072,4,1196575044,true,0.297958,,
case-0093,19,2190,metal,dependency,sync,65536,1,0,2,131072,4,1196575044,true,0.30004199999999998,,
case-0093,20,2307,metal,dependency,sync,65536,1,0,2,131072,4,1196575044,true,0.33400000000000002,,
case-0094,1,67,metal,dependency,async,65536,1,3,2,131072,4,1196575044,true,0.328125,0.022249999999999999,
case-0094,2,186,metal,dependency,async,65536,1,3,2,131072,4,1196575044,true,0.38716699999999998,0.035708999999999998,
case-0094,3,303,metal,dependency,async,65536,1,3,2,131072,4,1196575044,true,0.35312500000000002,0.025666999999999999,
case-0094,4,422,metal,dependency,async,65536,1,3,2,131072,4,1196575044,true,0.371917,0.029291999999999999,
case-0094,5,539,metal,dependency,async,65536,1,3,2,131072,4,1196575044,true,0.36058299999999999,0.029250000000000002,
case-0094,6,658,metal,dependency,async,65536,1,3,2,131072,4,1196575044,true,0.34879199999999999,0.034625000000000003,
case-0094,7,775,metal,dependency,async,65536,1,3,2,131072,4,1196575044,true,0.34154099999999998,0.022457999999999999,
case-0094,8,894,metal,dependency,async,65536,1,3,2,131072,4,1196575044,true,0.35141600000000001,0.035624999999999997,
case-0094,9,1011,metal,dependency,async,65536,1,3,2,131072,4,1196575044,true,0.360292,0.022291999999999999,
case-0094,10,1130,metal,dependency,async,65536,1,3,2,131072,4,1196575044,true,0.33408300000000002,0.021791999999999999,
case-0094,11,1247,metal,dependency,async,65536,1,3,2,131072,4,1196575044,true,0.35191699999999998,0.023207999999999999,
case-0094,12,1366,metal,dependency,async,65536,1,3,2,131072,4,1196575044,true,0.35279199999999999,0.034084000000000003,
case-0094,13,1483,metal,dependency,async,65536,1,3,2,131072,4,1196575044,true,0.44020900000000002,0.041959000000000003,
case-0094,14,1602,metal,dependency,async,65536,1,3,2,131072,4,1196575044,true,0.34729199999999999,0.035208000000000003,
case-0094,15,1719,metal,dependency,async,65536,1,3,2,131072,4,1196575044,true,0.35108299999999998,0.039958,
case-0094,16,1838,metal,dependency,async,65536,1,3,2,131072,4,1196575044,true,0.344167,0.027415999999999999,
case-0094,17,1955,metal,dependency,async,65536,1,3,2,131072,4,1196575044,true,0.45683299999999999,0.018457999999999999,
case-0094,18,2074,metal,dependency,async,65536,1,3,2,131072,4,1196575044,true,0.36741600000000002,0.043749999999999997,
case-0094,19,2191,metal,dependency,async,65536,1,3,2,131072,4,1196575044,true,0.34091700000000003,0.021916999999999999,
case-0094,20,2310,metal,dependency,async,65536,1,3,2,131072,4,1196575044,true,0.40595799999999999,0.031833,
case-0095,1,70,metal,resident,sync,65536,1,0,1,65536,4,1196575044,true,,,0.145125
case-0095,2,187,metal,resident,sync,65536,1,0,1,65536,4,1196575044,true,,,0.16304099999999999
case-0095,3,306,metal,resident,sync,65536,1,0,1,65536,4,1196575044,true,,,0.18645800000000001
case-0095,4,423,metal,resident,sync,65536,1,0,1,65536,4,1196575044,true,,,0.14670800000000001
case-0095,5,542,metal,resident,sync,65536,1,0,1,65536,4,1196575044,true,,,0.13916700000000001
case-0095,6,659,metal,resident,sync,65536,1,0,1,65536,4,1196575044,true,,,0.145125
case-0095,7,778,metal,resident,sync,65536,1,0,1,65536,4,1196575044,true,,,0.14712500000000001
case-0095,8,895,metal,resident,sync,65536,1,0,1,65536,4,1196575044,true,,,0.14274999999999999
case-0095,9,1014,metal,resident,sync,65536,1,0,1,65536,4,1196575044,true,,,0.15062500000000001
case-0095,10,1131,metal,resident,sync,65536,1,0,1,65536,4,1196575044,true,,,0.16554199999999999
case-0095,11,1250,metal,resident,sync,65536,1,0,1,65536,4,1196575044,true,,,0.15520800000000001
case-0095,12,1367,metal,resident,sync,65536,1,0,1,65536,4,1196575044,true,,,0.14633399999999999
case-0095,13,1486,metal,resident,sync,65536,1,0,1,65536,4,1196575044,true,,,0.14324999999999999
case-0095,14,1603,metal,resident,sync,65536,1,0,1,65536,4,1196575044,true,,,0.14083399999999999
case-0095,15,1722,metal,resident,sync,65536,1,0,1,65536,4,1196575044,true,,,0.13866600000000001
case-0095,16,1839,metal,resident,sync,65536,1,0,1,65536,4,1196575044,true,,,0.137875
case-0095,17,1958,metal,resident,sync,65536,1,0,1,65536,4,1196575044,true,,,0.17962500000000001
case-0095,18,2075,metal,resident,sync,65536,1,0,1,65536,4,1196575044,true,,,0.167875
case-0095,19,2194,metal,resident,sync,65536,1,0,1,65536,4,1196575044,true,,,0.14091699999999999
case-0095,20,2311,metal,resident,sync,65536,1,0,1,65536,4,1196575044,true,,,0.145125
case-0096,1,71,metal,resident,async,65536,1,1,1,65536,4,1196575044,true,,0.001583,0.140375
case-0096,2,190,metal,resident,async,65536,1,1,1,65536,4,1196575044,true,,0.0011249999999999999,0.15695899999999999
case-0096,3,307,metal,resident,async,65536,1,1,1,65536,4,1196575044,true,,0.0017910000000000001,0.16700000000000001
case-0096,4,426,metal,resident,async,65536,1,1,1,65536,4,1196575044,true,,0.0014580000000000001,0.14774999999999999
case-0096,5,543,metal,resident,async,65536,1,1,1,65536,4,1196575044,true,,0.001833,0.14987500000000001
case-0096,6,662,metal,resident,async,65536,1,1,1,65536,4,1196575044,true,,0.0013749999999999999,0.14841699999999999
case-0096,7,779,metal,resident,async,65536,1,1,1,65536,4,1196575044,true,,0.0024169999999999999,0.15054200000000001
case-0096,8,898,metal,resident,async,65536,1,1,1,65536,4,1196575044,true,,0.001333,0.16625000000000001
case-0096,9,1015,metal,resident,async,65536,1,1,1,65536,4,1196575044,true,,0.0016249999999999999,0.176542
case-0096,10,1134,metal,resident,async,65536,1,1,1,65536,4,1196575044,true,,0.0011670000000000001,0.15054200000000001
case-0096,11,1251,metal,resident,async,65536,1,1,1,65536,4,1196575044,true,,0.0016249999999999999,0.21045800000000001
case-0096,12,1370,metal,resident,async,65536,1,1,1,65536,4,1196575044,true,,0.00125,0.153917
case-0096,13,1487,metal,resident,async,65536,1,1,1,65536,4,1196575044,true,,0.001792,0.168958
case-0096,14,1606,metal,resident,async,65536,1,1,1,65536,4,1196575044,true,,0.001333,0.152417
case-0096,15,1723,metal,resident,async,65536,1,1,1,65536,4,1196575044,true,,0.0016659999999999999,0.14949999999999999
case-0096,16,1842,metal,resident,async,65536,1,1,1,65536,4,1196575044,true,,0.00125,0.156667
case-0096,17,1959,metal,resident,async,65536,1,1,1,65536,4,1196575044,true,,0.00175,0.20391699999999999
case-0096,18,2078,metal,resident,async,65536,1,1,1,65536,4,1196575044,true,,0.001292,0.15787499999999999
case-0096,19,2195,metal,resident,async,65536,1,1,1,65536,4,1196575044,true,,0.0016670000000000001,0.14958399999999999
case-0096,20,2314,metal,resident,async,65536,1,1,1,65536,4,1196575044,true,,0.00125,0.15679199999999999
case-0097,1,74,metal,single,sync,262144,1,0,1,262144,4,1196575044,true,0.22287499999999999,,
case-0097,2,191,metal,single,sync,262144,1,0,1,262144,4,1196575044,true,0.205958,,
case-0097,3,310,metal,single,sync,262144,1,0,1,262144,4,1196575044,true,0.19500000000000001,,
case-0097,4,427,metal,single,sync,262144,1,0,1,262144,4,1196575044,true,0.224,,
case-0097,5,546,metal,single,sync,262144,1,0,1,262144,4,1196575044,true,0.19808400000000001,,
case-0097,6,663,metal,single,sync,262144,1,0,1,262144,4,1196575044,true,0.19441700000000001,,
case-0097,7,782,metal,single,sync,262144,1,0,1,262144,4,1196575044,true,0.20483299999999999,,
case-0097,8,899,metal,single,sync,262144,1,0,1,262144,4,1196575044,true,0.18970799999999999,,
case-0097,9,1018,metal,single,sync,262144,1,0,1,262144,4,1196575044,true,0.25879200000000002,,
case-0097,10,1135,metal,single,sync,262144,1,0,1,262144,4,1196575044,true,0.19800000000000001,,
case-0097,11,1254,metal,single,sync,262144,1,0,1,262144,4,1196575044,true,0.19425000000000001,,
case-0097,12,1371,metal,single,sync,262144,1,0,1,262144,4,1196575044,true,0.22670899999999999,,
case-0097,13,1490,metal,single,sync,262144,1,0,1,262144,4,1196575044,true,0.19545799999999999,,
case-0097,14,1607,metal,single,sync,262144,1,0,1,262144,4,1196575044,true,0.23191700000000001,,
case-0097,15,1726,metal,single,sync,262144,1,0,1,262144,4,1196575044,true,0.236125,,
case-0097,16,1843,metal,single,sync,262144,1,0,1,262144,4,1196575044,true,0.17924999999999999,,
case-0097,17,1962,metal,single,sync,262144,1,0,1,262144,4,1196575044,true,0.276584,,
case-0097,18,2079,metal,single,sync,262144,1,0,1,262144,4,1196575044,true,0.22804199999999999,,
case-0097,19,2198,metal,single,sync,262144,1,0,1,262144,4,1196575044,true,0.19562499999999999,,
case-0097,20,2315,metal,single,sync,262144,1,0,1,262144,4,1196575044,true,0.200875,,
case-0098,1,75,metal,single,async,262144,1,1,1,262144,4,1196575044,true,0.228542,0.042166000000000002,
case-0098,2,194,metal,single,async,262144,1,1,1,262144,4,1196575044,true,0.24433299999999999,0.057750000000000003,
case-0098,3,311,metal,single,async,262144,1,1,1,262144,4,1196575044,true,0.236625,0.041917000000000003,
case-0098,4,430,metal,single,async,262144,1,1,1,262144,4,1196575044,true,0.249833,0.057750000000000003,
case-0098,5,547,metal,single,async,262144,1,1,1,262144,4,1196575044,true,0.23316700000000001,0.042000000000000003,
case-0098,6,666,metal,single,async,262144,1,1,1,262144,4,1196575044,true,0.247834,0.060541999999999999,
case-0098,7,783,metal,single,async,262144,1,1,1,262144,4,1196575044,true,0.23433300000000001,0.041583000000000002,
case-0098,8,902,metal,single,async,262144,1,1,1,262144,4,1196575044,true,0.247333,0.057708000000000002,
case-0098,9,1019,metal,single,async,262144,1,1,1,262144,4,1196575044,true,0.239125,0.042041000000000002,
case-0098,10,1138,metal,single,async,262144,1,1,1,262144,4,1196575044,true,0.24304100000000001,0.062082999999999999,
case-0098,11,1255,metal,single,async,262144,1,1,1,262144,4,1196575044,true,0.22712499999999999,0.042042000000000003,
case-0098,12,1374,metal,single,async,262144,1,1,1,262144,4,1196575044,true,0.24158299999999999,0.059333999999999998,
case-0098,13,1491,metal,single,async,262144,1,1,1,262144,4,1196575044,true,0.27687499999999998,0.048041,
case-0098,14,1610,metal,single,async,262144,1,1,1,262144,4,1196575044,true,0.24254200000000001,0.058666999999999997,
case-0098,15,1727,metal,single,async,262144,1,1,1,262144,4,1196575044,true,0.22762499999999999,0.041667000000000003,
case-0098,16,1846,metal,single,async,262144,1,1,1,262144,4,1196575044,true,0.230208,0.059666999999999998,
case-0098,17,1963,metal,single,async,262144,1,1,1,262144,4,1196575044,true,0.32279200000000002,0.049083000000000002,
case-0098,18,2082,metal,single,async,262144,1,1,1,262144,4,1196575044,true,0.25237500000000002,0.058666999999999997,
case-0098,19,2199,metal,single,async,262144,1,1,1,262144,4,1196575044,true,0.23408399999999999,0.042208000000000002,
case-0098,20,2318,metal,single,async,262144,1,1,1,262144,4,1196575044,true,0.25533299999999998,0.059582999999999997,
case-0099,1,78,metal,streams,sync,262144,1,0,1,262144,4,1196575044,true,0.19395899999999999,,
case-0099,2,195,metal,streams,sync,262144,1,0,1,262144,4,1196575044,true,0.19541600000000001,,
case-0099,3,314,metal,streams,sync,262144,1,0,1,262144,4,1196575044,true,0.19437499999999999,,
case-0099,4,431,metal,streams,sync,262144,1,0,1,262144,4,1196575044,true,0.237292,,
case-0099,5,550,metal,streams,sync,262144,1,0,1,262144,4,1196575044,true,0.200875,,
case-0099,6,667,metal,streams,sync,262144,1,0,1,262144,4,1196575044,true,0.203375,,
case-0099,7,786,metal,streams,sync,262144,1,0,1,262144,4,1196575044,true,0.20899999999999999,,
case-0099,8,903,metal,streams,sync,262144,1,0,1,262144,4,1196575044,true,0.19866600000000001,,
case-0099,9,1022,metal,streams,sync,262144,1,0,1,262144,4,1196575044,true,0.197959,,
case-0099,10,1139,metal,streams,sync,262144,1,0,1,262144,4,1196575044,true,0.197958,,
case-0099,11,1258,metal,streams,sync,262144,1,0,1,262144,4,1196575044,true,0.24424999999999999,,
case-0099,12,1375,metal,streams,sync,262144,1,0,1,262144,4,1196575044,true,0.19195899999999999,,
case-0099,13,1494,metal,streams,sync,262144,1,0,1,262144,4,1196575044,true,0.20075000000000001,,
case-0099,14,1611,metal,streams,sync,262144,1,0,1,262144,4,1196575044,true,0.237375,,
case-0099,15,1730,metal,streams,sync,262144,1,0,1,262144,4,1196575044,true,0.19687499999999999,,
case-0099,16,1847,metal,streams,sync,262144,1,0,1,262144,4,1196575044,true,0.17983399999999999,,
case-0099,17,1966,metal,streams,sync,262144,1,0,1,262144,4,1196575044,true,0.30762499999999998,,
case-0099,18,2083,metal,streams,sync,262144,1,0,1,262144,4,1196575044,true,0.19858300000000001,,
case-0099,19,2202,metal,streams,sync,262144,1,0,1,262144,4,1196575044,true,0.200792,,
case-0099,20,2319,metal,streams,sync,262144,1,0,1,262144,4,1196575044,true,0.19633300000000001,,
case-0100,1,79,metal,streams,async,262144,1,1,1,262144,4,1196575044,true,0.229875,0.041125000000000002,
case-0100,2,198,metal,streams,async,262144,1,1,1,262144,4,1196575044,true,0.28987499999999999,0.057916000000000002,
case-0100,3,315,metal,streams,async,262144,1,1,1,262144,4,1196575044,true,0.237792,0.039917000000000001,
case-0100,4,434,metal,streams,async,262144,1,1,1,262144,4,1196575044,true,0.24762500000000001,0.058208000000000003,
case-0100,5,551,metal,streams,async,262144,1,1,1,262144,4,1196575044,true,0.23116700000000001,0.040583000000000001,
case-0100,6,670,metal,streams,async,262144,1,1,1,262144,4,1196575044,true,0.24545800000000001,0.056917000000000002,
case-0100,7,787,metal,streams,async,262144,1,1,1,262144,4,1196575044,true,0.229459,0.040917000000000002,
case-0100,8,906,metal,streams,async,262144,1,1,1,262144,4,1196575044,true,0.24787500000000001,0.057875000000000003,
case-0100,9,1023,metal,streams,async,262144,1,1,1,262144,4,1196575044,true,0.236541,0.040458000000000001,
case-0100,10,1142,metal,streams,async,262144,1,1,1,262144,4,1196575044,true,0.29033300000000001,0.058958999999999998,
case-0100,11,1259,metal,streams,async,262144,1,1,1,262144,4,1196575044,true,0.23258300000000001,0.039792000000000001,
case-0100,12,1378,metal,streams,async,262144,1,1,1,262144,4,1196575044,true,0.24070900000000001,0.058333999999999997,
case-0100,13,1495,metal,streams,async,262144,1,1,1,262144,4,1196575044,true,0.23316700000000001,0.039833,
case-0100,14,1614,metal,streams,async,262144,1,1,1,262144,4,1196575044,true,0.24095800000000001,0.057542000000000003,
case-0100,15,1731,metal,streams,async,262144,1,1,1,262144,4,1196575044,true,0.224166,0.039916,
case-0100,16,1850,metal,streams,async,262144,1,1,1,262144,4,1196575044,true,0.246417,0.058583000000000003,
case-0100,17,1967,metal,streams,async,262144,1,1,1,262144,4,1196575044,true,0.31183300000000003,0.043499999999999997,
case-0100,18,2086,metal,streams,async,262144,1,1,1,262144,4,1196575044,true,0.24383299999999999,0.057916000000000002,
case-0100,19,2203,metal,streams,async,262144,1,1,1,262144,4,1196575044,true,0.27775,0.040084000000000002,
case-0100,20,2322,metal,streams,async,262144,1,1,1,262144,4,1196575044,true,0.247416,0.058375000000000003,
case-0101,1,82,metal,streams,sync,262144,2,0,2,262144,4,1196575044,true,0.35525000000000001,,
case-0101,2,199,metal,streams,sync,262144,2,0,2,262144,4,1196575044,true,0.36933300000000002,,
case-0101,3,318,metal,streams,sync,262144,2,0,2,262144,4,1196575044,true,0.33787499999999998,,
case-0101,4,435,metal,streams,sync,262144,2,0,2,262144,4,1196575044,true,0.40066600000000002,,
case-0101,5,554,metal,streams,sync,262144,2,0,2,262144,4,1196575044,true,0.38641700000000001,,
case-0101,6,671,metal,streams,sync,262144,2,0,2,262144,4,1196575044,true,0.379583,,
case-0101,7,790,metal,streams,sync,262144,2,0,2,262144,4,1196575044,true,0.33400000000000002,,
case-0101,8,907,metal,streams,sync,262144,2,0,2,262144,4,1196575044,true,0.36433300000000002,,
case-0101,9,1026,metal,streams,sync,262144,2,0,2,262144,4,1196575044,true,0.40695799999999999,,
case-0101,10,1143,metal,streams,sync,262144,2,0,2,262144,4,1196575044,true,0.38650000000000001,,
case-0101,11,1262,metal,streams,sync,262144,2,0,2,262144,4,1196575044,true,0.37033300000000002,,
case-0101,12,1379,metal,streams,sync,262144,2,0,2,262144,4,1196575044,true,0.36887500000000001,,
case-0101,13,1498,metal,streams,sync,262144,2,0,2,262144,4,1196575044,true,0.37083300000000002,,
case-0101,14,1615,metal,streams,sync,262144,2,0,2,262144,4,1196575044,true,0.36545800000000001,,
case-0101,15,1734,metal,streams,sync,262144,2,0,2,262144,4,1196575044,true,0.36308299999999999,,
case-0101,16,1851,metal,streams,sync,262144,2,0,2,262144,4,1196575044,true,0.34233400000000003,,
case-0101,17,1970,metal,streams,sync,262144,2,0,2,262144,4,1196575044,true,0.48920799999999998,,
case-0101,18,2087,metal,streams,sync,262144,2,0,2,262144,4,1196575044,true,0.37716699999999997,,
case-0101,19,2206,metal,streams,sync,262144,2,0,2,262144,4,1196575044,true,0.358458,,
case-0101,20,2323,metal,streams,sync,262144,2,0,2,262144,4,1196575044,true,0.35699999999999998,,
case-0102,1,83,metal,streams,async,262144,2,2,2,262144,4,1196575044,true,0.197542,0.051749999999999997,
case-0102,2,202,metal,streams,async,262144,2,2,2,262144,4,1196575044,true,0.20933399999999999,0.076083999999999999,
case-0102,3,319,metal,streams,async,262144,2,2,2,262144,4,1196575044,true,0.204375,0.050750000000000003,
case-0102,4,438,metal,streams,async,262144,2,2,2,262144,4,1196575044,true,0.20808299999999999,0.068750000000000006,
case-0102,5,555,metal,streams,async,262144,2,2,2,262144,4,1196575044,true,0.25412499999999999,0.059124999999999997,
case-0102,6,674,metal,streams,async,262144,2,2,2,262144,4,1196575044,true,0.21279200000000001,0.072541999999999995,
case-0102,7,791,metal,streams,async,262144,2,2,2,262144,4,1196575044,true,0.204291,0.050458000000000003,
case-0102,8,910,metal,streams,async,262144,2,2,2,262144,4,1196575044,true,0.21387500000000001,0.13508400000000001,
case-0102,9,1027,metal,streams,async,262144,2,2,2,262144,4,1196575044,true,0.236792,0.049791000000000002,
case-0102,10,1146,metal,streams,async,262144,2,2,2,262144,4,1196575044,true,0.21170800000000001,0.072207999999999994,
case-0102,11,1263,metal,streams,async,262144,2,2,2,262144,4,1196575044,true,0.20945800000000001,0.052082999999999997,
case-0102,12,1382,metal,streams,async,262144,2,2,2,262144,4,1196575044,true,0.20908299999999999,0.072999999999999995,
case-0102,13,1499,metal,streams,async,262144,2,2,2,262144,4,1196575044,true,0.20033400000000001,0.057834000000000003,
case-0102,14,1618,metal,streams,async,262144,2,2,2,262144,4,1196575044,true,0.20858399999999999,0.070749999999999993,
case-0102,15,1735,metal,streams,async,262144,2,2,2,262144,4,1196575044,true,0.20300000000000001,0.050708999999999997,
case-0102,16,1854,metal,streams,async,262144,2,2,2,262144,4,1196575044,true,0.21008399999999999,0.065417000000000003,
case-0102,17,1971,metal,streams,async,262144,2,2,2,262144,4,1196575044,true,0.27395799999999998,0.089166999999999996,
case-0102,18,2090,metal,streams,async,262144,2,2,2,262144,4,1196575044,true,0.205458,0.072332999999999995,
case-0102,19,2207,metal,streams,async,262144,2,2,2,262144,4,1196575044,true,0.202959,0.050916999999999997,
case-0102,20,2326,metal,streams,async,262144,2,2,2,262144,4,1196575044,true,0.19779099999999999,0.060082999999999998,
case-0103,1,86,metal,streams,sync,262144,4,0,4,262144,4,1196575044,true,0.63379200000000002,,
case-0103,2,203,metal,streams,sync,262144,4,0,4,262144,4,1196575044,true,0.64129199999999997,,
case-0103,3,322,metal,streams,sync,262144,4,0,4,262144,4,1196575044,true,0.66637500000000005,,
case-0103,4,439,metal,streams,sync,262144,4,0,4,262144,4,1196575044,true,0.67716699999999996,,
case-0103,5,558,metal,streams,sync,262144,4,0,4,262144,4,1196575044,true,0.66870799999999997,,
case-0103,6,675,metal,streams,sync,262144,4,0,4,262144,4,1196575044,true,0.683083,,
case-0103,7,794,metal,streams,sync,262144,4,0,4,262144,4,1196575044,true,0.62708299999999995,,
case-0103,8,911,metal,streams,sync,262144,4,0,4,262144,4,1196575044,true,0.66937500000000005,,
case-0103,9,1030,metal,streams,sync,262144,4,0,4,262144,4,1196575044,true,0.63416600000000001,,
case-0103,10,1147,metal,streams,sync,262144,4,0,4,262144,4,1196575044,true,0.68029099999999998,,
case-0103,11,1266,metal,streams,sync,262144,4,0,4,262144,4,1196575044,true,0.61979099999999998,,
case-0103,12,1383,metal,streams,sync,262144,4,0,4,262144,4,1196575044,true,0.80225000000000002,,
case-0103,13,1502,metal,streams,sync,262144,4,0,4,262144,4,1196575044,true,0.64141599999999999,,
case-0103,14,1619,metal,streams,sync,262144,4,0,4,262144,4,1196575044,true,0.64275000000000004,,
case-0103,15,1738,metal,streams,sync,262144,4,0,4,262144,4,1196575044,true,0.73266699999999996,,
case-0103,16,1855,metal,streams,sync,262144,4,0,4,262144,4,1196575044,true,0.62875000000000003,,
case-0103,17,1974,metal,streams,sync,262144,4,0,4,262144,4,1196575044,true,0.94645900000000005,,
case-0103,18,2091,metal,streams,sync,262144,4,0,4,262144,4,1196575044,true,0.68933299999999997,,
case-0103,19,2210,metal,streams,sync,262144,4,0,4,262144,4,1196575044,true,0.70266700000000004,,
case-0103,20,2327,metal,streams,sync,262144,4,0,4,262144,4,1196575044,true,0.62229100000000004,,
case-0104,1,87,metal,streams,async,262144,4,4,4,262144,4,1196575044,true,0.22554199999999999,0.086166000000000006,
case-0104,2,206,metal,streams,async,262144,4,4,4,262144,4,1196575044,true,0.24087500000000001,0.086749999999999994,
case-0104,3,323,metal,streams,async,262144,4,4,4,262144,4,1196575044,true,0.20499999999999999,0.11816599999999999,
case-0104,4,442,metal,streams,async,262144,4,4,4,262144,4,1196575044,true,0.26683299999999999,0.1265,
case-0104,5,559,metal,streams,async,262144,4,4,4,262144,4,1196575044,true,0.22566700000000001,0.110709,
case-0104,6,678,metal,streams,async,262144,4,4,4,262144,4,1196575044,true,0.22737499999999999,0.085250000000000006,
case-0104,7,795,metal,streams,async,262144,4,4,4,262144,4,1196575044,true,0.22858300000000001,0.084291000000000005,
case-0104,8,914,metal,streams,async,262144,4,4,4,262144,4,1196575044,true,0.21845899999999999,0.11504200000000001,
case-0104,9,1031,metal,streams,async,262144,4,4,4,262144,4,1196575044,true,0.22654099999999999,0.082583000000000004,
case-0104,10,1150,metal,streams,async,262144,4,4,4,262144,4,1196575044,true,0.229625,0.121542,
case-0104,11,1267,metal,streams,async,262144,4,4,4,262144,4,1196575044,true,0.24204200000000001,0.077917,
case-0104,12,1386,metal,streams,async,262144,4,4,4,262144,4,1196575044,true,0.19745799999999999,0.094625000000000001,
case-0104,13,1503,metal,streams,async,262144,4,4,4,262144,4,1196575044,true,0.222084,0.074541999999999997,
case-0104,14,1622,metal,streams,async,262144,4,4,4,262144,4,1196575044,true,0.23949999999999999,0.16187499999999999,
case-0104,15,1739,metal,streams,async,262144,4,4,4,262144,4,1196575044,true,0.21754200000000001,0.104542,
case-0104,16,1858,metal,streams,async,262144,4,4,4,262144,4,1196575044,true,0.26258300000000001,0.099584000000000006,
case-0104,17,1975,metal,streams,async,262144,4,4,4,262144,4,1196575044,true,0.26045800000000002,0.096000000000000002,
case-0104,18,2094,metal,streams,async,262144,4,4,4,262144,4,1196575044,true,0.24479100000000001,0.087332999999999994,
case-0104,19,2211,metal,streams,async,262144,4,4,4,262144,4,1196575044,true,0.21091699999999999,0.10525,
case-0104,20,2330,metal,streams,async,262144,4,4,4,262144,4,1196575044,true,0.33391700000000002,0.154667,
case-0105,1,90,metal,dependency,sync,262144,1,0,2,524288,4,1196575044,true,0.45908300000000002,,
case-0105,2,207,metal,dependency,sync,262144,1,0,2,524288,4,1196575044,true,0.342416,,
case-0105,3,326,metal,dependency,sync,262144,1,0,2,524288,4,1196575044,true,0.34337499999999999,,
case-0105,4,443,metal,dependency,sync,262144,1,0,2,524288,4,1196575044,true,0.38204100000000002,,
case-0105,5,562,metal,dependency,sync,262144,1,0,2,524288,4,1196575044,true,0.38745800000000002,,
case-0105,6,679,metal,dependency,sync,262144,1,0,2,524288,4,1196575044,true,0.39650000000000002,,
case-0105,7,798,metal,dependency,sync,262144,1,0,2,524288,4,1196575044,true,0.345333,,
case-0105,8,915,metal,dependency,sync,262144,1,0,2,524288,4,1196575044,true,0.40279199999999998,,
case-0105,9,1034,metal,dependency,sync,262144,1,0,2,524288,4,1196575044,true,0.35008400000000001,,
case-0105,10,1151,metal,dependency,sync,262144,1,0,2,524288,4,1196575044,true,0.393125,,
case-0105,11,1270,metal,dependency,sync,262144,1,0,2,524288,4,1196575044,true,0.35441600000000001,,
case-0105,12,1387,metal,dependency,sync,262144,1,0,2,524288,4,1196575044,true,0.38629200000000002,,
case-0105,13,1506,metal,dependency,sync,262144,1,0,2,524288,4,1196575044,true,0.39483400000000002,,
case-0105,14,1623,metal,dependency,sync,262144,1,0,2,524288,4,1196575044,true,0.34745799999999999,,
case-0105,15,1742,metal,dependency,sync,262144,1,0,2,524288,4,1196575044,true,0.34437499999999999,,
case-0105,16,1859,metal,dependency,sync,262144,1,0,2,524288,4,1196575044,true,0.361292,,
case-0105,17,1978,metal,dependency,sync,262144,1,0,2,524288,4,1196575044,true,0.47199999999999998,,
case-0105,18,2095,metal,dependency,sync,262144,1,0,2,524288,4,1196575044,true,0.35649999999999998,,
case-0105,19,2214,metal,dependency,sync,262144,1,0,2,524288,4,1196575044,true,0.36412499999999998,,
case-0105,20,2331,metal,dependency,sync,262144,1,0,2,524288,4,1196575044,true,0.38924999999999998,,
case-0106,1,91,metal,dependency,async,262144,1,3,2,524288,4,1196575044,true,0.42175000000000001,0.136709,
case-0106,2,210,metal,dependency,async,262144,1,3,2,524288,4,1196575044,true,0.433917,0.050583999999999997,
case-0106,3,327,metal,dependency,async,262144,1,3,2,524288,4,1196575044,true,0.41387499999999999,0.051041999999999997,
case-0106,4,446,metal,dependency,async,262144,1,3,2,524288,4,1196575044,true,0.41612500000000002,0.053584,
case-0106,5,563,metal,dependency,async,262144,1,3,2,524288,4,1196575044,true,0.43079099999999998,0.055375000000000001,
case-0106,6,682,metal,dependency,async,262144,1,3,2,524288,4,1196575044,true,0.43670799999999999,0.058791000000000003,
case-0106,7,799,metal,dependency,async,262144,1,3,2,524288,4,1196575044,true,0.41933300000000001,0.066125000000000003,
case-0106,8,918,metal,dependency,async,262144,1,3,2,524288,4,1196575044,true,0.40116600000000002,0.060541999999999999,
case-0106,9,1035,metal,dependency,async,262144,1,3,2,524288,4,1196575044,true,0.43279200000000001,0.067125000000000004,
case-0106,10,1154,metal,dependency,async,262144,1,3,2,524288,4,1196575044,true,0.44391700000000001,0.065750000000000003,
case-0106,11,1271,metal,dependency,async,262144,1,3,2,524288,4,1196575044,true,0.41004200000000002,0.060707999999999998,
case-0106,12,1390,metal,dependency,async,262144,1,3,2,524288,4,1196575044,true,0.43795800000000001,0.050125000000000003,
case-0106,13,1507,metal,dependency,async,262144,1,3,2,524288,4,1196575044,true,0.40699999999999997,0.063167000000000001,
case-0106,14,1626,metal,dependency,async,262144,1,3,2,524288,4,1196575044,true,0.43245800000000001,0.057084000000000003,
case-0106,15,1743,metal,dependency,async,262144,1,3,2,524288,4,1196575044,true,0.416375,0.13808300000000001,
case-0106,16,1862,metal,dependency,async,262144,1,3,2,524288,4,1196575044,true,0.41566599999999998,0.062958,
case-0106,17,1979,metal,dependency,async,262144,1,3,2,524288,4,1196575044,true,0.57183399999999995,0.059833999999999998,
case-0106,18,2098,metal,dependency,async,262144,1,3,2,524288,4,1196575044,true,0.41883300000000001,0.056917000000000002,
case-0106,19,2215,metal,dependency,async,262144,1,3,2,524288,4,1196575044,true,0.41549999999999998,0.060874999999999999,
case-0106,20,2334,metal,dependency,async,262144,1,3,2,524288,4,1196575044,true,0.42754199999999998,0.063708000000000001,
case-0107,1,94,metal,resident,sync,262144,1,0,1,262144,4,1196575044,true,,,0.15675
case-0107,2,211,metal,resident,sync,262144,1,0,1,262144,4,1196575044,true,,,0.154833
case-0107,3,330,metal,resident,sync,262144,1,0,1,262144,4,1196575044,true,,,0.159667
case-0107,4,447,metal,resident,sync,262144,1,0,1,262144,4,1196575044,true,,,0.15504200000000001
case-0107,5,566,metal,resident,sync,262144,1,0,1,262144,4,1196575044,true,,,0.19525000000000001
case-0107,6,683,metal,resident,sync,262144,1,0,1,262144,4,1196575044,true,,,0.191333
case-0107,7,802,metal,resident,sync,262144,1,0,1,262144,4,1196575044,true,,,0.20050000000000001
case-0107,8,919,metal,resident,sync,262144,1,0,1,262144,4,1196575044,true,,,0.19658400000000001
case-0107,9,1038,metal,resident,sync,262144,1,0,1,262144,4,1196575044,true,,,0.15679100000000001
case-0107,10,1155,metal,resident,sync,262144,1,0,1,262144,4,1196575044,true,,,0.156667
case-0107,11,1274,metal,resident,sync,262144,1,0,1,262144,4,1196575044,true,,,0.17299999999999999
case-0107,12,1391,metal,resident,sync,262144,1,0,1,262144,4,1196575044,true,,,0.14787500000000001
case-0107,13,1510,metal,resident,sync,262144,1,0,1,262144,4,1196575044,true,,,0.152
case-0107,14,1627,metal,resident,sync,262144,1,0,1,262144,4,1196575044,true,,,0.152417
case-0107,15,1746,metal,resident,sync,262144,1,0,1,262144,4,1196575044,true,,,0.155
case-0107,16,1863,metal,resident,sync,262144,1,0,1,262144,4,1196575044,true,,,0.15462500000000001
case-0107,17,1982,metal,resident,sync,262144,1,0,1,262144,4,1196575044,true,,,0.24595800000000001
case-0107,18,2099,metal,resident,sync,262144,1,0,1,262144,4,1196575044,true,,,0.189666
case-0107,19,2218,metal,resident,sync,262144,1,0,1,262144,4,1196575044,true,,,0.16170799999999999
case-0107,20,2335,metal,resident,sync,262144,1,0,1,262144,4,1196575044,true,,,0.19766700000000001
case-0108,1,95,metal,resident,async,262144,1,1,1,262144,4,1196575044,true,,0.001542,0.160583
case-0108,2,214,metal,resident,async,262144,1,1,1,262144,4,1196575044,true,,0.001291,0.16175
case-0108,3,331,metal,resident,async,262144,1,1,1,262144,4,1196575044,true,,0.0020830000000000002,0.158833
case-0108,4,450,metal,resident,async,262144,1,1,1,262144,4,1196575044,true,,0.0019580000000000001,0.17349999999999999
case-0108,5,567,metal,resident,async,262144,1,1,1,262144,4,1196575044,true,,0.002,0.17974999999999999
case-0108,6,686,metal,resident,async,262144,1,1,1,262144,4,1196575044,true,,0.0012080000000000001,0.16587499999999999
case-0108,7,803,metal,resident,async,262144,1,1,1,262144,4,1196575044,true,,0.002,0.16062499999999999
case-0108,8,922,metal,resident,async,262144,1,1,1,262144,4,1196575044,true,,0.002333,0.17849999999999999
case-0108,9,1039,metal,resident,async,262144,1,1,1,262144,4,1196575044,true,,0.0020409999999999998,0.167875
case-0108,10,1158,metal,resident,async,262144,1,1,1,262144,4,1196575044,true,,0.0011670000000000001,0.167625
case-0108,11,1275,metal,resident,async,262144,1,1,1,262144,4,1196575044,true,,0.0018339999999999999,0.156833
case-0108,12,1394,metal,resident,async,262144,1,1,1,262144,4,1196575044,true,,0.00175,0.154916
case-0108,13,1511,metal,resident,async,262144,1,1,1,262144,4,1196575044,true,,0.0018749999999999999,0.160083
case-0108,14,1630,metal,resident,async,262144,1,1,1,262144,4,1196575044,true,,0.001333,0.16166700000000001
case-0108,15,1747,metal,resident,async,262144,1,1,1,262144,4,1196575044,true,,0.0019170000000000001,0.16425000000000001
case-0108,16,1866,metal,resident,async,262144,1,1,1,262144,4,1196575044,true,,0.0011670000000000001,0.167875
case-0108,17,1983,metal,resident,async,262144,1,1,1,262144,4,1196575044,true,,0.0019589999999999998,0.234375
case-0108,18,2102,metal,resident,async,262144,1,1,1,262144,4,1196575044,true,,0.001083,0.37887500000000002
case-0108,19,2219,metal,resident,async,262144,1,1,1,262144,4,1196575044,true,,0.001833,0.161333
case-0108,20,2338,metal,resident,async,262144,1,1,1,262144,4,1196575044,true,,0.0017080000000000001,0.168125
case-0109,1,98,metal,single,sync,1000000,1,0,1,1000000,4,1196575044,true,0.374083,,
case-0109,2,215,metal,single,sync,1000000,1,0,1,1000000,4,1196575044,true,0.36620799999999998,,
case-0109,3,334,metal,single,sync,1000000,1,0,1,1000000,4,1196575044,true,0.36837500000000001,,
case-0109,4,451,metal,single,sync,1000000,1,0,1,1000000,4,1196575044,true,0.36920900000000001,,
case-0109,5,570,metal,single,sync,1000000,1,0,1,1000000,4,1196575044,true,0.37195800000000001,,
case-0109,6,687,metal,single,sync,1000000,1,0,1,1000000,4,1196575044,true,0.410084,,
case-0109,7,806,metal,single,sync,1000000,1,0,1,1000000,4,1196575044,true,0.37620900000000002,,
case-0109,8,923,metal,single,sync,1000000,1,0,1,1000000,4,1196575044,true,0.370083,,
case-0109,9,1042,metal,single,sync,1000000,1,0,1,1000000,4,1196575044,true,0.40345799999999998,,
case-0109,10,1159,metal,single,sync,1000000,1,0,1,1000000,4,1196575044,true,0.36608299999999999,,
case-0109,11,1278,metal,single,sync,1000000,1,0,1,1000000,4,1196575044,true,0.37620900000000002,,
case-0109,12,1395,metal,single,sync,1000000,1,0,1,1000000,4,1196575044,true,0.38154199999999999,,
case-0109,13,1514,metal,single,sync,1000000,1,0,1,1000000,4,1196575044,true,0.37454199999999999,,
case-0109,14,1631,metal,single,sync,1000000,1,0,1,1000000,4,1196575044,true,0.363792,,
case-0109,15,1750,metal,single,sync,1000000,1,0,1,1000000,4,1196575044,true,0.37045899999999998,,
case-0109,16,1867,metal,single,sync,1000000,1,0,1,1000000,4,1196575044,true,0.38320799999999999,,
case-0109,17,1986,metal,single,sync,1000000,1,0,1,1000000,4,1196575044,true,0.48808400000000002,,
case-0109,18,2103,metal,single,sync,1000000,1,0,1,1000000,4,1196575044,true,0.36945899999999998,,
case-0109,19,2222,metal,single,sync,1000000,1,0,1,1000000,4,1196575044,true,0.37033300000000002,,
case-0109,20,2339,metal,single,sync,1000000,1,0,1,1000000,4,1196575044,true,0.40475,,
case-0110,1,99,metal,single,async,1000000,1,1,1,1000000,4,1196575044,true,0.46720800000000001,0.167959,
case-0110,2,218,metal,single,async,1000000,1,1,1,1000000,4,1196575044,true,1.0321670000000001,0.16562499999999999,
case-0110,3,335,metal,single,async,1000000,1,1,1,1000000,4,1196575044,true,0.47645799999999999,0.16866700000000001,
case-0110,4,454,metal,single,async,1000000,1,1,1,1000000,4,1196575044,true,1.1372910000000001,0.171541,
case-0110,5,571,metal,single,async,1000000,1,1,1,1000000,4,1196575044,true,0.46949999999999997,0.182167,
case-0110,6,690,metal,single,async,1000000,1,1,1,1000000,4,1196575044,true,1.0618339999999999,0.16608400000000001,
case-0110,7,807,metal,single,async,1000000,1,1,1,1000000,4,1196575044,true,0.458208,0.17758299999999999,
case-0110,8,926,metal,single,async,1000000,1,1,1,1000000,4,1196575044,true,1.1476249999999999,0.17216699999999999,
case-0110,9,1043,metal,single,async,1000000,1,1,1,1000000,4,1196575044,true,0.51691600000000004,0.168291,
case-0110,10,1162,metal,single,async,1000000,1,1,1,1000000,4,1196575044,true,1.150417,0.174542,
case-0110,11,1279,metal,single,async,1000000,1,1,1,1000000,4,1196575044,true,0.46970899999999999,0.16925000000000001,
case-0110,12,1398,metal,single,async,1000000,1,1,1,1000000,4,1196575044,true,1.0707500000000001,0.16825000000000001,
case-0110,13,1515,metal,single,async,1000000,1,1,1,1000000,4,1196575044,true,0.46833399999999997,0.17929200000000001,
case-0110,14,1634,metal,single,async,1000000,1,1,1,1000000,4,1196575044,true,1.1379589999999999,0.16408400000000001,
case-0110,15,1751,metal,single,async,1000000,1,1,1,1000000,4,1196575044,true,0.46954099999999999,0.16850000000000001,
case-0110,16,1870,metal,single,async,1000000,1,1,1,1000000,4,1196575044,true,0.84629200000000004,0.171625,
case-0110,17,1987,metal,single,async,1000000,1,1,1,1000000,4,1196575044,true,0.57745800000000003,0.17158399999999999,
case-0110,18,2106,metal,single,async,1000000,1,1,1,1000000,4,1196575044,true,1.095791,0.17183300000000001,
case-0110,19,2223,metal,single,async,1000000,1,1,1,1000000,4,1196575044,true,0.47825000000000001,0.168708,
case-0110,20,2342,metal,single,async,1000000,1,1,1,1000000,4,1196575044,true,1.169584,0.16304199999999999,
case-0111,1,102,metal,streams,sync,1000000,1,0,1,1000000,4,1196575044,true,0.94099999999999995,,
case-0111,2,219,metal,streams,sync,1000000,1,0,1,1000000,4,1196575044,true,0.37987500000000002,,
case-0111,3,338,metal,streams,sync,1000000,1,0,1,1000000,4,1196575044,true,0.94454199999999999,,
case-0111,4,455,metal,streams,sync,1000000,1,0,1,1000000,4,1196575044,true,0.37974999999999998,,
case-0111,5,574,metal,streams,sync,1000000,1,0,1,1000000,4,1196575044,true,1.15025,,
case-0111,6,691,metal,streams,sync,1000000,1,0,1,1000000,4,1196575044,true,0.38204199999999999,,
case-0111,7,810,metal,streams,sync,1000000,1,0,1,1000000,4,1196575044,true,1.2275830000000001,,
case-0111,8,927,metal,streams,sync,1000000,1,0,1,1000000,4,1196575044,true,0.38695800000000002,,
case-0111,9,1046,metal,streams,sync,1000000,1,0,1,1000000,4,1196575044,true,1.0792090000000001,,
case-0111,10,1163,metal,streams,sync,1000000,1,0,1,1000000,4,1196575044,true,0.37712499999999999,,
case-0111,11,1282,metal,streams,sync,1000000,1,0,1,1000000,4,1196575044,true,1.0164169999999999,,
case-0111,12,1399,metal,streams,sync,1000000,1,0,1,1000000,4,1196575044,true,0.37437500000000001,,
case-0111,13,1518,metal,streams,sync,1000000,1,0,1,1000000,4,1196575044,true,1.0625,,
case-0111,14,1635,metal,streams,sync,1000000,1,0,1,1000000,4,1196575044,true,0.37824999999999998,,
case-0111,15,1754,metal,streams,sync,1000000,1,0,1,1000000,4,1196575044,true,1.045083,,
case-0111,16,1871,metal,streams,sync,1000000,1,0,1,1000000,4,1196575044,true,0.38400000000000001,,
case-0111,17,1990,metal,streams,sync,1000000,1,0,1,1000000,4,1196575044,true,1.104042,,
case-0111,18,2107,metal,streams,sync,1000000,1,0,1,1000000,4,1196575044,true,0.37774999999999997,,
case-0111,19,2226,metal,streams,sync,1000000,1,0,1,1000000,4,1196575044,true,1.1416249999999999,,
case-0111,20,2343,metal,streams,sync,1000000,1,0,1,1000000,4,1196575044,true,0.41849999999999998,,
case-0112,1,103,metal,streams,async,1000000,1,1,1,1000000,4,1196575044,true,0.47383399999999998,0.18141699999999999,
case-0112,2,222,metal,streams,async,1000000,1,1,1,1000000,4,1196575044,true,1.166334,0.17574999999999999,
case-0112,3,339,metal,streams,async,1000000,1,1,1,1000000,4,1196575044,true,0.48599999999999999,0.17224999999999999,
case-0112,4,458,metal,streams,async,1000000,1,1,1,1000000,4,1196575044,true,1.1503749999999999,0.16941600000000001,
case-0112,5,575,metal,streams,async,1000000,1,1,1,1000000,4,1196575044,true,0.473667,0.176708,
case-0112,6,694,metal,streams,async,1000000,1,1,1,1000000,4,1196575044,true,1.170417,0.16775000000000001,
case-0112,7,811,metal,streams,async,1000000,1,1,1,1000000,4,1196575044,true,0.49745800000000001,0.17508299999999999,
case-0112,8,930,metal,streams,async,1000000,1,1,1,1000000,4,1196575044,true,1.104125,0.16775000000000001,
case-0112,9,1047,metal,streams,async,1000000,1,1,1,1000000,4,1196575044,true,0.47229100000000002,0.168041,
case-0112,10,1166,metal,streams,async,1000000,1,1,1,1000000,4,1196575044,true,1.1062920000000001,0.168542,
case-0112,11,1283,metal,streams,async,1000000,1,1,1,1000000,4,1196575044,true,0.46654200000000001,0.17754200000000001,
case-0112,12,1402,metal,streams,async,1000000,1,1,1,1000000,4,1196575044,true,1.107542,0.167625,
case-0112,13,1519,metal,streams,async,1000000,1,1,1,1000000,4,1196575044,true,0.47920800000000002,0.17854100000000001,
case-0112,14,1638,metal,streams,async,1000000,1,1,1,1000000,4,1196575044,true,1.103542,0.167875,
case-0112,15,1755,metal,streams,async,1000000,1,1,1,1000000,4,1196575044,true,0.47829100000000002,0.17841599999999999,
case-0112,16,1874,metal,streams,async,1000000,1,1,1,1000000,4,1196575044,true,0.80191699999999999,0.16983300000000001,
case-0112,17,1991,metal,streams,async,1000000,1,1,1,1000000,4,1196575044,true,0.49966699999999997,0.17849999999999999,
case-0112,18,2110,metal,streams,async,1000000,1,1,1,1000000,4,1196575044,true,1.141875,0.16641600000000001,
case-0112,19,2227,metal,streams,async,1000000,1,1,1,1000000,4,1196575044,true,0.47449999999999998,0.17854200000000001,
case-0112,20,2346,metal,streams,async,1000000,1,1,1,1000000,4,1196575044,true,1.227209,0.168875,
case-0113,1,106,metal,streams,sync,1000000,2,0,2,1000000,4,1196575044,true,1.022958,,
case-0113,2,223,metal,streams,sync,1000000,2,0,2,1000000,4,1196575044,true,0.49566700000000002,,
case-0113,3,342,metal,streams,sync,1000000,2,0,2,1000000,4,1196575044,true,1.3609579999999999,,
case-0113,4,459,metal,streams,sync,1000000,2,0,2,1000000,4,1196575044,true,0.504834,,
case-0113,5,578,metal,streams,sync,1000000,2,0,2,1000000,4,1196575044,true,1.207875,,
case-0113,6,695,metal,streams,sync,1000000,2,0,2,1000000,4,1196575044,true,0.52245799999999998,,
case-0113,7,814,metal,streams,sync,1000000,2,0,2,1000000,4,1196575044,true,1.0388329999999999,,
case-0113,8,931,metal,streams,sync,1000000,2,0,2,1000000,4,1196575044,true,0.49983300000000003,,
case-0113,9,1050,metal,streams,sync,1000000,2,0,2,1000000,4,1196575044,true,1.1527499999999999,,
case-0113,10,1167,metal,streams,sync,1000000,2,0,2,1000000,4,1196575044,true,0.50204099999999996,,
case-0113,11,1286,metal,streams,sync,1000000,2,0,2,1000000,4,1196575044,true,1.1723749999999999,,
case-0113,12,1403,metal,streams,sync,1000000,2,0,2,1000000,4,1196575044,true,0.53883400000000004,,
case-0113,13,1522,metal,streams,sync,1000000,2,0,2,1000000,4,1196575044,true,1.403292,,
case-0113,14,1639,metal,streams,sync,1000000,2,0,2,1000000,4,1196575044,true,0.55762500000000004,,
case-0113,15,1758,metal,streams,sync,1000000,2,0,2,1000000,4,1196575044,true,1.1906669999999999,,
case-0113,16,1875,metal,streams,sync,1000000,2,0,2,1000000,4,1196575044,true,0.54295899999999997,,
case-0113,17,1994,metal,streams,sync,1000000,2,0,2,1000000,4,1196575044,true,1.1087499999999999,,
case-0113,18,2111,metal,streams,sync,1000000,2,0,2,1000000,4,1196575044,true,0.49854100000000001,,
case-0113,19,2230,metal,streams,sync,1000000,2,0,2,1000000,4,1196575044,true,1.02525,,
case-0113,20,2347,metal,streams,sync,1000000,2,0,2,1000000,4,1196575044,true,0.58683399999999997,,
case-0114,1,107,metal,streams,async,1000000,2,2,2,1000000,4,1196575044,true,0.38233299999999998,0.19750000000000001,
case-0114,2,226,metal,streams,async,1000000,2,2,2,1000000,4,1196575044,true,1.38375,0.192083,
case-0114,3,343,metal,streams,async,1000000,2,2,2,1000000,4,1196575044,true,0.39191700000000002,0.19537499999999999,
case-0114,4,462,metal,streams,async,1000000,2,2,2,1000000,4,1196575044,true,0.66583300000000001,0.18237500000000001,
case-0114,5,579,metal,streams,async,1000000,2,2,2,1000000,4,1196575044,true,0.385042,0.21712500000000001,
case-0114,6,698,metal,streams,async,1000000,2,2,2,1000000,4,1196575044,true,0.69112499999999999,0.18795799999999999,
case-0114,7,815,metal,streams,async,1000000,2,2,2,1000000,4,1196575044,true,0.44566699999999998,0.19833300000000001,
case-0114,8,934,metal,streams,async,1000000,2,2,2,1000000,4,1196575044,true,0.78770899999999999,0.187917,
case-0114,9,1051,metal,streams,async,1000000,2,2,2,1000000,4,1196575044,true,0.38174999999999998,0.203042,
case-0114,10,1170,metal,streams,async,1000000,2,2,2,1000000,4,1196575044,true,0.57962499999999995,0.39029199999999997,
case-0114,11,1287,metal,streams,async,1000000,2,2,2,1000000,4,1196575044,true,0.42591600000000002,0.23366700000000001,
case-0114,12,1406,metal,streams,async,1000000,2,2,2,1000000,4,1196575044,true,0.66220800000000002,0.183416,
case-0114,13,1523,metal,streams,async,1000000,2,2,2,1000000,4,1196575044,true,0.39183299999999999,0.19204099999999999,
case-0114,14,1642,metal,streams,async,1000000,2,2,2,1000000,4,1196575044,true,1.138709,0.18395900000000001,
case-0114,15,1759,metal,streams,async,1000000,2,2,2,1000000,4,1196575044,true,0.40858299999999997,0.19645799999999999,
case-0114,16,1878,metal,streams,async,1000000,2,2,2,1000000,4,1196575044,true,0.67479100000000003,0.19304199999999999,
case-0114,17,1995,metal,streams,async,1000000,2,2,2,1000000,4,1196575044,true,0.37770799999999999,0.20358299999999999,
case-0114,18,2114,metal,streams,async,1000000,2,2,2,1000000,4,1196575044,true,0.87562499999999999,0.187667,
case-0114,19,2231,metal,streams,async,1000000,2,2,2,1000000,4,1196575044,true,0.390125,0.192416,
case-0114,20,2350,metal,streams,async,1000000,2,2,2,1000000,4,1196575044,true,1.3326249999999999,0.18925,
case-0115,1,110,metal,streams,sync,1000000,4,0,4,1000000,4,1196575044,true,1.5640419999999999,,
case-0115,2,227,metal,streams,sync,1000000,4,0,4,1000000,4,1196575044,true,0.81850000000000001,,
case-0115,3,346,metal,streams,sync,1000000,4,0,4,1000000,4,1196575044,true,1.3846670000000001,,
case-0115,4,463,metal,streams,sync,1000000,4,0,4,1000000,4,1196575044,true,0.80420800000000003,,
case-0115,5,582,metal,streams,sync,1000000,4,0,4,1000000,4,1196575044,true,1.3609579999999999,,
case-0115,6,699,metal,streams,sync,1000000,4,0,4,1000000,4,1196575044,true,0.80204200000000003,,
case-0115,7,818,metal,streams,sync,1000000,4,0,4,1000000,4,1196575044,true,1.3745000000000001,,
case-0115,8,935,metal,streams,sync,1000000,4,0,4,1000000,4,1196575044,true,0.78954199999999997,,
case-0115,9,1054,metal,streams,sync,1000000,4,0,4,1000000,4,1196575044,true,1.337583,,
case-0115,10,1171,metal,streams,sync,1000000,4,0,4,1000000,4,1196575044,true,0.82641699999999996,,
case-0115,11,1290,metal,streams,sync,1000000,4,0,4,1000000,4,1196575044,true,1.4194169999999999,,
case-0115,12,1407,metal,streams,sync,1000000,4,0,4,1000000,4,1196575044,true,0.823125,,
case-0115,13,1526,metal,streams,sync,1000000,4,0,4,1000000,4,1196575044,true,1.371208,,
case-0115,14,1643,metal,streams,sync,1000000,4,0,4,1000000,4,1196575044,true,0.81070799999999998,,
case-0115,15,1762,metal,streams,sync,1000000,4,0,4,1000000,4,1196575044,true,1.234083,,
case-0115,16,1879,metal,streams,sync,1000000,4,0,4,1000000,4,1196575044,true,0.83433299999999999,,
case-0115,17,1998,metal,streams,sync,1000000,4,0,4,1000000,4,1196575044,true,1.334667,,
case-0115,18,2115,metal,streams,sync,1000000,4,0,4,1000000,4,1196575044,true,0.78829199999999999,,
case-0115,19,2234,metal,streams,sync,1000000,4,0,4,1000000,4,1196575044,true,1.356708,,
case-0115,20,2351,metal,streams,sync,1000000,4,0,4,1000000,4,1196575044,true,0.828542,,
case-0116,1,111,metal,streams,async,1000000,4,4,4,1000000,4,1196575044,true,0.42162500000000003,0.264291,
case-0116,2,230,metal,streams,async,1000000,4,4,4,1000000,4,1196575044,true,0.79691599999999996,0.21216599999999999,
case-0116,3,347,metal,streams,async,1000000,4,4,4,1000000,4,1196575044,true,0.51758300000000002,0.24612500000000001,
case-0116,4,466,metal,streams,async,1000000,4,4,4,1000000,4,1196575044,true,0.80433299999999996,0.216333,
case-0116,5,583,metal,streams,async,1000000,4,4,4,1000000,4,1196575044,true,0.43879099999999999,0.27020899999999998,
case-0116,6,702,metal,streams,async,1000000,4,4,4,1000000,4,1196575044,true,0.81420800000000004,0.20666599999999999,
case-0116,7,819,metal,streams,async,1000000,4,4,4,1000000,4,1196575044,true,0.47262500000000002,0.26995799999999998,
case-0116,8,938,metal,streams,async,1000000,4,4,4,1000000,4,1196575044,true,0.97524999999999995,0.214333,
case-0116,9,1055,metal,streams,async,1000000,4,4,4,1000000,4,1196575044,true,0.47637499999999999,0.234042,
case-0116,10,1174,metal,streams,async,1000000,4,4,4,1000000,4,1196575044,true,0.57858299999999996,0.20954200000000001,
case-0116,11,1291,metal,streams,async,1000000,4,4,4,1000000,4,1196575044,true,0.47620899999999999,0.23849999999999999,
case-0116,12,1410,metal,streams,async,1000000,4,4,4,1000000,4,1196575044,true,0.99845799999999996,0.20658299999999999,
case-0116,13,1527,metal,streams,async,1000000,4,4,4,1000000,4,1196575044,true,0.42508400000000002,0.265125,
case-0116,14,1646,metal,streams,async,1000000,4,4,4,1000000,4,1196575044,true,0.89683400000000002,0.215167,
case-0116,15,1763,metal,streams,async,1000000,4,4,4,1000000,4,1196575044,true,0.426875,0.23566699999999999,
case-0116,16,1882,metal,streams,async,1000000,4,4,4,1000000,4,1196575044,true,0.61445799999999995,0.22137499999999999,
case-0116,17,1999,metal,streams,async,1000000,4,4,4,1000000,4,1196575044,true,0.38287500000000002,0.233041,
case-0116,18,2118,metal,streams,async,1000000,4,4,4,1000000,4,1196575044,true,0.73312500000000003,0.20424999999999999,
case-0116,19,2235,metal,streams,async,1000000,4,4,4,1000000,4,1196575044,true,0.40200000000000002,0.22212499999999999,
case-0116,20,2354,metal,streams,async,1000000,4,4,4,1000000,4,1196575044,true,0.62429199999999996,0.21754200000000001,
case-0117,1,114,metal,dependency,sync,1000000,1,0,2,2000000,4,1196575044,true,1.465959,,
case-0117,2,231,metal,dependency,sync,1000000,1,0,2,2000000,4,1196575044,true,0.54941700000000004,,
case-0117,3,350,metal,dependency,sync,1000000,1,0,2,2000000,4,1196575044,true,1.3450420000000001,,
case-0117,4,467,metal,dependency,sync,1000000,1,0,2,2000000,4,1196575044,true,0.54449999999999998,,
case-0117,5,586,metal,dependency,sync,1000000,1,0,2,2000000,4,1196575044,true,1.1984170000000001,,
case-0117,6,703,metal,dependency,sync,1000000,1,0,2,2000000,4,1196575044,true,0.53691599999999995,,
case-0117,7,822,metal,dependency,sync,1000000,1,0,2,2000000,4,1196575044,true,1.264292,,
case-0117,8,939,metal,dependency,sync,1000000,1,0,2,2000000,4,1196575044,true,0.57129099999999999,,
case-0117,9,1058,metal,dependency,sync,1000000,1,0,2,2000000,4,1196575044,true,1.2310000000000001,,
case-0117,10,1175,metal,dependency,sync,1000000,1,0,2,2000000,4,1196575044,true,0.53649999999999998,,
case-0117,11,1294,metal,dependency,sync,1000000,1,0,2,2000000,4,1196575044,true,1.331583,,
case-0117,12,1411,metal,dependency,sync,1000000,1,0,2,2000000,4,1196575044,true,0.57354099999999997,,
case-0117,13,1530,metal,dependency,sync,1000000,1,0,2,2000000,4,1196575044,true,1.245833,,
case-0117,14,1647,metal,dependency,sync,1000000,1,0,2,2000000,4,1196575044,true,0.548875,,
case-0117,15,1766,metal,dependency,sync,1000000,1,0,2,2000000,4,1196575044,true,1.3176669999999999,,
case-0117,16,1883,metal,dependency,sync,1000000,1,0,2,2000000,4,1196575044,true,0.5675,,
case-0117,17,2002,metal,dependency,sync,1000000,1,0,2,2000000,4,1196575044,true,1.319958,,
case-0117,18,2119,metal,dependency,sync,1000000,1,0,2,2000000,4,1196575044,true,0.57666700000000004,,
case-0117,19,2238,metal,dependency,sync,1000000,1,0,2,2000000,4,1196575044,true,1.3011250000000001,,
case-0117,20,2355,metal,dependency,sync,1000000,1,0,2,2000000,4,1196575044,true,0.53358399999999995,,
case-0118,1,115,metal,dependency,async,1000000,1,3,2,2000000,4,1196575044,true,0.70937499999999998,0.19120799999999999,
case-0118,2,234,metal,dependency,async,1000000,1,3,2,2000000,4,1196575044,true,1.508542,0.17866699999999999,
case-0118,3,351,metal,dependency,async,1000000,1,3,2,2000000,4,1196575044,true,0.70158399999999999,0.201375,
case-0118,4,470,metal,dependency,async,1000000,1,3,2,2000000,4,1196575044,true,1.5043329999999999,0.173209,
case-0118,5,587,metal,dependency,async,1000000,1,3,2,2000000,4,1196575044,true,0.72520799999999996,0.18149999999999999,
case-0118,6,706,metal,dependency,async,1000000,1,3,2,2000000,4,1196575044,true,1.3905419999999999,0.174375,
case-0118,7,823,metal,dependency,async,1000000,1,3,2,2000000,4,1196575044,true,0.67620899999999995,0.19654199999999999,
case-0118,8,942,metal,dependency,async,1000000,1,3,2,2000000,4,1196575044,true,1.3743339999999999,0.186417,
case-0118,9,1059,metal,dependency,async,1000000,1,3,2,2000000,4,1196575044,true,0.68445800000000001,0.18337500000000001,
case-0118,10,1178,metal,dependency,async,1000000,1,3,2,2000000,4,1196575044,true,1.4058330000000001,0.19395799999999999,
case-0118,11,1295,metal,dependency,async,1000000,1,3,2,2000000,4,1196575044,true,0.67400000000000004,0.182417,
case-0118,12,1414,metal,dependency,async,1000000,1,3,2,2000000,4,1196575044,true,1.381292,0.17341699999999999,
case-0118,13,1531,metal,dependency,async,1000000,1,3,2,2000000,4,1196575044,true,0.74420799999999998,0.19462499999999999,
case-0118,14,1650,metal,dependency,async,1000000,1,3,2,2000000,4,1196575044,true,1.4524159999999999,0.17424999999999999,
case-0118,15,1767,metal,dependency,async,1000000,1,3,2,2000000,4,1196575044,true,0.68812499999999999,0.182,
case-0118,16,1886,metal,dependency,async,1000000,1,3,2,2000000,4,1196575044,true,1.0908340000000001,0.18462500000000001,
case-0118,17,2003,metal,dependency,async,1000000,1,3,2,2000000,4,1196575044,true,0.66958300000000004,0.19341700000000001,
case-0118,18,2122,metal,dependency,async,1000000,1,3,2,2000000,4,1196575044,true,1.504084,0.17783299999999999,
case-0118,19,2239,metal,dependency,async,1000000,1,3,2,2000000,4,1196575044,true,0.69204200000000005,0.19670799999999999,
case-0118,20,2358,metal,dependency,async,1000000,1,3,2,2000000,4,1196575044,true,1.420334,0.17841699999999999,
case-0119,1,118,metal,resident,sync,1000000,1,0,1,1000000,4,1196575044,true,,,1.086875
case-0119,2,235,metal,resident,sync,1000000,1,0,1,1000000,4,1196575044,true,,,0.20883299999999999
case-0119,3,354,metal,resident,sync,1000000,1,0,1,1000000,4,1196575044,true,,,0.70441600000000004
case-0119,4,471,metal,resident,sync,1000000,1,0,1,1000000,4,1196575044,true,,,0.21062500000000001
case-0119,5,590,metal,resident,sync,1000000,1,0,1,1000000,4,1196575044,true,,,0.67262500000000003
case-0119,6,707,metal,resident,sync,1000000,1,0,1,1000000,4,1196575044,true,,,0.214333
case-0119,7,826,metal,resident,sync,1000000,1,0,1,1000000,4,1196575044,true,,,0.54154199999999997
case-0119,8,943,metal,resident,sync,1000000,1,0,1,1000000,4,1196575044,true,,,0.21262500000000001
case-0119,9,1062,metal,resident,sync,1000000,1,0,1,1000000,4,1196575044,true,,,1.2032499999999999
case-0119,10,1179,metal,resident,sync,1000000,1,0,1,1000000,4,1196575044,true,,,0.20458399999999999
case-0119,11,1298,metal,resident,sync,1000000,1,0,1,1000000,4,1196575044,true,,,0.716916
case-0119,12,1415,metal,resident,sync,1000000,1,0,1,1000000,4,1196575044,true,,,0.21679200000000001
case-0119,13,1534,metal,resident,sync,1000000,1,0,1,1000000,4,1196575044,true,,,0.96145899999999995
case-0119,14,1651,metal,resident,sync,1000000,1,0,1,1000000,4,1196575044,true,,,0.206208
case-0119,15,1770,metal,resident,sync,1000000,1,0,1,1000000,4,1196575044,true,,,0.92625000000000002
case-0119,16,1887,metal,resident,sync,1000000,1,0,1,1000000,4,1196575044,true,,,0.21037500000000001
case-0119,17,2006,metal,resident,sync,1000000,1,0,1,1000000,4,1196575044,true,,,0.73687499999999995
case-0119,18,2123,metal,resident,sync,1000000,1,0,1,1000000,4,1196575044,true,,,0.20158300000000001
case-0119,19,2242,metal,resident,sync,1000000,1,0,1,1000000,4,1196575044,true,,,0.77345900000000001
case-0119,20,2359,metal,resident,sync,1000000,1,0,1,1000000,4,1196575044,true,,,0.207542
case-0120,1,119,metal,resident,async,1000000,1,1,1,1000000,4,1196575044,true,,0.0031250000000000002,0.203542
case-0120,2,238,metal,resident,async,1000000,1,1,1,1000000,4,1196575044,true,,0.001792,0.238708
case-0120,3,355,metal,resident,async,1000000,1,1,1,1000000,4,1196575044,true,,0.0024169999999999999,0.208042
case-0120,4,474,metal,resident,async,1000000,1,1,1,1000000,4,1196575044,true,,0.0018339999999999999,0.22737499999999999
case-0120,5,591,metal,resident,async,1000000,1,1,1,1000000,4,1196575044,true,,0.0026250000000000002,0.203625
case-0120,6,710,metal,resident,async,1000000,1,1,1,1000000,4,1196575044,true,,0.0020830000000000002,0.22854099999999999
case-0120,7,827,metal,resident,async,1000000,1,1,1,1000000,4,1196575044,true,,0.003375,0.35191600000000001
case-0120,8,946,metal,resident,async,1000000,1,1,1,1000000,4,1196575044,true,,0.001792,0.27245799999999998
case-0120,9,1063,metal,resident,async,1000000,1,1,1,1000000,4,1196575044,true,,0.003042,0.21095800000000001
case-0120,10,1182,metal,resident,async,1000000,1,1,1,1000000,4,1196575044,true,,0.0018749999999999999,0.239291
case-0120,11,1299,metal,resident,async,1000000,1,1,1,1000000,4,1196575044,true,,0.0025409999999999999,0.200125
case-0120,12,1418,metal,resident,async,1000000,1,1,1,1000000,4,1196575044,true,,0.0018339999999999999,0.23658299999999999
case-0120,13,1535,metal,resident,async,1000000,1,1,1,1000000,4,1196575044,true,,0.0031250000000000002,0.25016699999999997
case-0120,14,1654,metal,resident,async,1000000,1,1,1,1000000,4,1196575044,true,,0.0017910000000000001,0.22566700000000001
case-0120,15,1771,metal,resident,async,1000000,1,1,1,1000000,4,1196575044,true,,0.0027499999999999998,0.21070800000000001
case-0120,16,1890,metal,resident,async,1000000,1,1,1,1000000,4,1196575044,true,,0.0025000000000000001,0.386708
case-0120,17,2007,metal,resident,async,1000000,1,1,1,1000000,4,1196575044,true,,0.0025839999999999999,0.208125
case-0120,18,2126,metal,resident,async,1000000,1,1,1,1000000,4,1196575044,true,,0.0020839999999999999,0.23766599999999999
case-0120,19,2243,metal,resident,async,1000000,1,1,1,1000000,4,1196575044,true,,0.0030409999999999999,0.20749999999999999
case-0120,20,2362,metal,resident,async,1000000,1,1,1,1000000,4,1196575044,true,,0.0018339999999999999,0.231375
